Player,Team,Position,Points,Games,Avg,Week 1,Week 2,Week 3,Week 4,Week 5,Week 6,Week 7,Week 8,Week 9,Week 10,Week 11,Week 12,Week 13,Week 14,Week 15,Week 16,Week 17
Priest Holmes,KC,RB,371.0,16,23.2,30.3,30.8,27.6,10.3,9.1,20.0,23.3,28.9,,27.8,9.8,25.1,30.6,19.7,31.6,28.5,17.6
LaDainian Tomlinson,LAC,RB,343.8,16,21.5,6.1,12.0,21.6,31.9,6.8,,28.1,20.2,14.2,32.7,4.5,20.4,18.3,35.6,31.5,21.9,38.0
Ahman Green,GB,RB,335.0,16,20.9,21.5,22.0,7.6,30.0,24.5,29.0,13.7,,24.9,32.4,18.4,15.4,6.7,15.7,19.6,18.9,34.7
Los Angeles Rams,LAR,DST,321.0,16,20.1,15.0,13.0,13.0,17.0,,30.0,19.0,20.0,16.0,37.0,15.0,17.0,31.0,29.0,14.0,19.0,16.0
Jamal Lewis,BAL,RB,299.1,16,18.7,11.3,41.5,19.9,21.9,,13.1,10.9,22.2,8.3,15.3,9.1,14.0,13.8,34.0,12.5,34.6,16.7
Clinton Portis,DEN,RB,274.5,13,21.1,27.9,12.9,4.2,,28.0,5.3,22.0,11.5,19.1,,11.2,18.8,31.7,55.4,26.5,,
Daunte Culpepper,MIN,QB,273.4,14,19.5,20.8,16.3,17.8,,,,19.2,18.4,23.7,33.0,22.0,9.9,20.2,23.7,12.5,22.0,13.9
Peyton Manning,IND,QB,268.9,16,16.8,4.4,10.9,14.3,36.7,21.4,14.3,,23.2,12.4,17.9,19.7,10.7,23.2,10.6,31.6,6.3,11.3
Randy Moss,MIN,WR,265.0,16,16.6,21.0,3.8,8.5,35.2,20.1,,15.1,23.3,14.7,18.0,2.5,5.6,20.5,25.3,16.7,23.1,11.6
Shaun Alexander,SEA,RB,263.0,16,16.4,24.4,12.2,6.6,,15.5,12.3,24.2,19.8,12.7,15.4,19.7,7.2,19.7,10.4,19.4,24.2,19.3
Deuce McAllister,NO,RB,255.7,16,16.0,13.4,17.2,3.1,18.6,18.3,13.0,23.6,11.3,12.6,,31.7,35.2,19.6,8.8,14.5,9.3,5.5
Trent Green,KC,QB,252.0,16,15.8,12.3,4.8,11.1,10.8,12.2,28.7,12.8,19.6,,26.7,20.5,14.9,10.2,26.0,27.0,5.0,9.4
Matt Hasselbeck,SEA,QB,250.1,16,15.6,14.6,21.2,19.0,,7.7,12.0,11.8,20.9,12.9,11.7,19.8,33.9,23.1,4.7,11.8,8.7,16.3
Torry Holt,LAR,WR,242.1,16,15.1,17.1,12.4,7.3,19.3,,28.1,18.7,23.4,26.0,3.8,18.4,14.5,10.2,3.1,16.0,18.4,5.4
Steve McNair,TEN,QB,240.7,14,17.2,16.7,7.5,16.8,18.9,28.2,27.0,21.0,9.5,,16.3,8.7,10.7,14.8,27.4,,17.2,
Los Angeles Chargers,LAC,DST,233.0,16,14.6,17.0,11.0,13.0,17.0,15.0,,23.0,13.0,14.0,17.0,17.0,13.0,15.0,10.0,12.0,9.0,17.0
Aaron Brooks,NO,QB,229.3,16,14.3,8.5,16.0,12.9,-0.5,11.9,15.5,27.5,11.8,9.2,,8.8,12.2,21.9,7.9,30.9,20.4,14.4
Fred Taylor,JAC,RB,228.2,16,14.3,12.2,8.1,11.7,13.4,28.4,7.9,,6.9,10.8,27.2,6.5,9.9,13.0,22.3,8.9,28.5,12.5
Jeff Garcia,SF,QB,224.7,13,17.3,24.8,16.9,9.9,0.0,23.2,13.1,15.8,16.5,,,,,-3.5,41.3,30.9,18.4,17.4
Ricky Williams,MIA,RB,222.3,16,13.9,16.9,22.2,18.9,13.4,21.4,11.5,10.3,7.5,11.9,5.9,12.9,23.7,12.5,7.3,16.8,11.6,20.5
Brett Favre,GB,QB,222.0,16,13.9,7.9,11.3,11.8,17.2,15.5,17.0,16.7,,17.6,5.2,5.7,7.7,11.8,12.5,25.1,32.0,7.0
New England Patriots,NE,DST,221.0,16,13.8,6.0,30.0,9.0,4.0,9.0,25.0,12.0,13.0,2.0,,17.0,8.0,5.0,29.0,9.0,21.0,22.0
Jon Kitna,CIN,QB,221.0,16,13.8,9.1,12.1,9.7,20.5,6.9,,23.7,19.7,8.9,11.6,17.6,24.3,24.6,4.6,15.7,6.1,5.9
Donovan McNabb,PHI,QB,217.4,16,13.6,9.4,4.8,,11.6,8.1,7.0,0.5,9.4,18.7,20.5,20.6,19.8,9.9,23.7,14.8,10.0,28.6
Marc Bulger,LAR,QB,217.3,15,14.5,,13.4,15.2,22.8,,24.5,20.5,19.8,13.1,0.3,13.6,9.0,18.2,11.8,15.3,15.0,4.8
Brad Johnson,TB,QB,215.4,16,13.5,15.5,15.5,15.3,,23.5,27.0,7.7,10.0,15.6,18.4,4.2,12.4,4.8,14.2,9.6,23.9,-2.2
Tom Brady,NE,QB,215.1,16,13.4,-3.1,22.9,11.1,13.8,13.0,4.5,18.3,10.2,21.9,,8.8,18.2,13.3,6.3,17.8,13.6,24.5
Edgerrin James,IND,RB,215.1,13,16.6,9.6,18.9,10.4,,,,,10.9,16.8,7.0,34.0,24.7,13.8,23.0,11.2,10.2,24.6
Baltimore Ravens,BAL,DST,212.0,16,13.3,3.0,19.0,11.0,4.0,,22.0,3.0,13.0,14.0,12.0,6.0,15.0,21.0,20.0,1.0,29.0,19.0
Travis Henry,BUF,RB,209.4,15,14.0,24.6,20.8,-1.3,,21.9,8.8,30.0,12.4,,8.0,15.3,9.8,17.9,21.5,10.1,5.3,4.3
Stephen Davis,CAR,RB,202.3,14,14.5,12.2,14.2,,25.1,20.2,11.6,2.9,31.5,15.3,,17.2,12.6,11.5,14.1,8.2,,5.7
Chad Johnson,CIN,WR,195.5,16,12.2,15.5,13.1,7.7,18.7,5.9,,19.0,14.4,7.5,8.9,7.4,28.7,17.7,1.5,15.1,11.5,2.9
Quincy Carter,DAL,QB,189.6,16,11.9,11.8,18.5,,8.4,17.7,6.9,20.9,3.1,9.8,9.0,5.7,16.7,15.7,3.7,14.2,16.2,11.3
Moe Williams,MIN,RB,184.9,16,11.6,8.0,21.8,14.9,5.9,20.6,,15.2,8.8,8.9,29.1,11.9,5.0,9.7,5.7,5.5,5.2,8.7
Marvin Harrison,IND,WR,183.5,15,12.2,4.4,11.9,3.1,33.8,29.6,12.2,,10.0,4.0,9.0,,4.7,14.8,12.4,21.7,8.5,3.4
Hines Ward,PIT,WR,182.4,16,11.4,21.1,15.1,10.8,7.6,5.5,9.0,,21.3,14.0,18.4,4.2,1.3,20.9,6.7,6.8,18.6,1.1
Anquan Boldin,ARI,WR,181.7,16,11.4,31.7,6.2,9.9,6.6,3.3,9.5,,0.9,11.1,17.8,9.2,27.1,3.3,16.3,8.4,17.7,2.7
Domanick Williams,HOU,RB,180.2,14,12.9,3.6,4.9,,7.1,,12.9,19.9,23.6,7.1,17.5,10.1,7.5,24.8,,5.8,10.0,25.4
Miami Dolphins,MIA,DST,180.0,16,11.3,0.0,7.0,17.0,,13.0,24.0,6.0,18.0,8.0,0.0,15.0,6.0,21.0,12.0,2.0,27.0,4.0
Derrick Mason,TEN,WR,179.4,16,11.2,15.9,9.8,4.7,0.4,10.6,35.7,3.9,2.9,,9.8,9.8,4.7,19.3,12.4,13.7,4.8,21.0
Tampa Bay Buccaneers,TB,DST,179.0,16,11.2,17.0,9.0,16.0,,13.0,22.0,7.0,20.0,7.0,12.0,3.0,17.0,3.0,18.0,12.0,2.0,1.0
Marshall Faulk,LAR,RB,176.8,11,16.1,5.5,15.0,3.7,,,,,,,17.4,12.4,19.3,32.3,14.5,15.8,27.4,13.5
Tiki Barber,NYG,RB,175.7,16,11.0,14.5,4.8,14.4,,15.9,10.0,11.3,18.2,10.9,11.8,19.1,8.9,2.4,12.6,7.0,10.2,3.7
Santana Moss,NYJ,WR,173.2,16,10.8,2.1,19.1,1.7,5.0,,7.6,17.1,14.5,31.2,23.1,12.7,7.8,9.0,6.1,4.4,5.2,6.6
Tommy Maddox,PIT,QB,171.7,16,10.7,22.4,11.4,11.5,9.2,-0.6,7.3,,8.8,13.5,18.3,15.1,6.9,14.9,12.9,5.5,18.3,-3.7
Jake Delhomme,CAR,QB,170.5,16,10.7,13.0,0.0,,10.4,4.8,9.3,19.4,6.5,9.9,15.6,14.5,9.0,15.9,4.1,9.7,17.5,10.9
Jake Plummer,DEN,QB,167.8,11,15.3,-0.7,16.0,26.7,21.1,15.0,,,,,,19.5,11.9,7.0,14.5,11.1,25.7,
Kevan Barlow,SF,RB,167.1,16,10.4,6.5,14.0,1.7,7.2,5.7,4.0,7.5,2.5,10.7,,15.8,1.8,6.4,21.7,23.1,30.7,7.8
Darrell Jackson,SEA,WR,165.7,16,10.4,5.3,25.3,11.0,,5.8,5.5,3.1,7.8,14.5,4.1,5.6,26.6,22.2,7.6,15.9,0.0,5.4
Curtis Martin,NYJ,RB,165.0,16,10.3,4.1,3.0,8.7,9.5,,7.7,8.9,11.7,8.9,6.1,13.2,10.8,13.0,10.4,22.8,11.0,15.2
Rudi Johnson,CIN,RB,164.3,13,12.6,,,,6.2,13.9,,0.5,17.7,9.4,32.0,17.7,7.6,3.3,1.4,30.2,4.7,19.7
Tennessee Titans,TEN,DST,164.0,16,10.3,7.0,1.0,11.0,19.0,2.0,14.0,19.0,9.0,,24.0,12.0,5.0,6.0,1.0,6.0,14.0,14.0
Terrell Owens,SF,WR,164.0,15,10.9,11.1,10.2,9.3,5.5,13.9,3.6,21.2,5.3,7.7,,21.5,10.5,2.3,21.2,18.7,2.0,
Keenan McCardell,TB,WR,163.4,16,10.2,4.1,11.3,4.1,,22.6,7.7,17.9,6.8,13.0,17.8,11.5,6.3,7.4,8.5,5.9,18.2,0.3
Chris Chambers,MIA,WR,163.3,16,10.2,25.0,9.1,11.1,,1.9,1.7,7.0,14.6,11.6,3.0,3.4,5.7,27.6,3.2,8.6,8.3,21.5
Laveranues Coles,WAS,WR,160.3,16,10.0,10.6,24.0,12.8,6.4,6.4,6.0,4.7,,8.7,19.9,3.5,12.5,8.8,6.0,-0.1,21.4,8.7
Joe Horn,NO,WR,159.4,15,10.6,14.3,11.3,0.5,4.5,11.6,9.0,19.3,20.0,3.9,,2.1,7.6,2.3,11.8,37.3,3.9,
Steve Smith,CAR,WR,157.2,16,9.8,10.4,2.7,,4.6,1.3,17.3,20.9,11.0,15.4,14.6,4.8,8.5,13.8,6.6,9.9,13.8,1.6
Brian Westbrook,PHI,RB,156.5,15,10.4,0.5,1.6,,16.1,13.9,9.7,13.8,4.1,,0.1,28.8,15.9,7.6,13.1,22.4,6.8,2.1
Minnesota Vikings,MIN,DST,153.0,16,9.6,11.0,9.0,12.0,14.0,12.0,,18.0,3.0,2.0,-2.0,7.0,24.0,-1.0,19.0,5.0,9.0,11.0
Joey Harrington,DET,QB,152.6,16,9.5,23.7,4.4,5.3,15.0,8.0,,-2.8,10.6,7.4,9.3,15.7,6.1,5.5,14.3,9.9,0.7,19.5
Tony Gonzalez,KC,TE,151.6,16,9.5,1.8,0.8,5.2,7.3,10.7,18.1,8.7,12.5,,13.0,14.6,3.6,14.8,7.3,21.3,6.5,5.4
Eddie George,TEN,RB,149.4,16,9.3,6.5,4.6,16.4,1.8,4.8,8.2,5.1,22.1,,10.6,7.3,18.2,7.9,5.6,8.6,8.5,13.2
T.J. Duckett,ATL,RB,149.3,16,9.3,2.1,15.5,1.9,12.1,7.9,5.7,4.2,,12.1,15.3,6.7,6.8,11.5,10.6,14.0,7.3,15.6
Dallas Cowboys,DAL,DST,149.0,16,9.3,4.0,14.0,,11.0,15.0,4.0,22.0,3.0,6.0,14.0,9.0,6.0,2.0,-2.0,23.0,12.0,6.0
Kansas City Chiefs,KC,DST,148.0,16,9.3,8.0,19.0,16.0,15.0,2.0,12.0,14.0,24.0,,8.0,2.0,3.0,9.0,-4.0,5.0,0.0,15.0
Green Bay Packers,GB,DST,148.0,16,9.3,5.0,20.0,3.0,10.0,10.0,0.0,5.0,,2.0,2.0,13.0,10.0,4.0,20.0,10.0,15.0,19.0
Byron Leftwich,JAC,QB,147.5,15,9.8,,7.7,5.3,6.3,19.3,10.6,,4.3,6.3,17.8,2.1,4.9,17.3,11.6,12.5,7.5,14.0
Michael Pittman,TB,RB,144.8,16,9.1,4.1,8.1,22.4,,14.1,9.5,8.9,11.7,14.3,9.7,4.0,7.7,6.6,4.2,3.6,10.5,5.4
Carolina Panthers,CAR,DST,143.0,16,8.9,10.0,10.0,,15.0,6.0,7.0,2.0,10.0,3.0,12.0,8.0,3.0,7.0,8.0,16.0,7.0,19.0
Anthony Thomas,CHI,RB,142.0,13,10.9,1.9,5.3,,17.4,12.3,9.6,,,23.1,6.1,15.2,6.0,,2.2,14.9,21.2,6.8
Kerry Collins,NYG,QB,141.3,13,10.9,6.3,18.5,22.7,,5.0,5.0,11.8,21.1,22.0,4.1,12.4,0.6,11.3,0.5,,,
Peter Warrick,CIN,WR,137.6,15,9.2,4.2,17.1,8.6,4.1,7.8,,10.6,11.1,12.2,6.2,18.5,3.1,5.4,13.0,13.0,,2.7
Amani Toomer,NYG,WR,136.2,16,8.5,9.8,18.6,14.1,,3.8,4.0,5.4,9.6,18.7,3.3,5.7,3.4,17.0,3.0,2.0,7.1,10.7
Jeff Blake,ARI,QB,135.5,13,10.4,23.5,-1.8,19.6,1.5,5.0,16.8,,12.8,15.7,21.3,3.1,14.8,1.3,1.9,,,
Isaac Bruce,LAR,WR,132.4,15,8.8,12.0,6.3,13.2,5.8,,9.7,12.9,7.3,9.3,1.3,5.4,15.9,13.9,9.1,10.3,,0.0
Seattle Seahawks,SEA,DST,132.0,16,8.3,14.0,30.0,12.0,,-3.0,7.0,8.0,2.0,4.0,4.0,6.0,6.0,17.0,0.0,5.0,14.0,6.0
San Francisco 49ers,SF,DST,132.0,16,8.3,26.0,13.0,11.0,-2.0,5.0,7.0,14.0,4.0,15.0,,7.0,8.0,1.0,10.0,-2.0,8.0,7.0
Troy Hambrick,DAL,RB,131.1,16,8.2,6.9,6.0,,19.3,6.7,12.0,12.9,3.6,18.0,3.3,5.7,2.6,0.7,8.1,18.9,3.6,2.8
Patrick Ramsey,WAS,QB,130.8,11,11.9,10.1,18.2,23.8,6.4,17.6,6.4,6.5,,15.9,13.2,12.4,0.3,,,,,
Buffalo Bills,BUF,DST,130.0,16,8.1,26.0,4.0,14.0,2.0,6.0,1.0,8.0,-1.0,,5.0,14.0,4.0,12.0,14.0,11.0,7.0,3.0
David Boston,LAC,WR,129.8,14,9.3,2.0,,9.6,,29.4,,1.0,8.2,2.9,14.2,1.4,25.9,14.5,6.6,2.9,0.9,10.3
Drew Bledsoe,BUF,QB,129.4,16,8.1,9.2,20.6,0.8,21.8,12.4,4.1,10.5,-1.9,,0.2,5.6,9.9,18.0,5.4,12.7,0.5,-0.4
Warrick Dunn,ATL,RB,128.8,11,11.7,12.1,8.6,2.7,2.3,13.8,4.1,15.0,,7.8,23.6,18.5,20.3,,,,,
New Orleans Saints,NO,DST,128.0,16,8.0,3.0,19.0,6.0,-3.0,3.0,11.0,4.0,2.0,23.0,,8.0,2.0,7.0,5.0,18.0,7.0,13.0
Chad Pennington,NYJ,QB,127.8,10,12.8,,,,,,,,4.2,21.3,20.8,21.0,11.4,14.8,4.6,3.7,13.2,12.8
Reggie Wayne,IND,WR,125.8,16,7.9,3.9,2.2,26.1,2.6,5.9,13.1,,21.6,2.0,4.6,14.1,3.9,9.0,1.9,11.7,0.0,3.2
Jerome Bettis,PIT,RB,125.7,16,7.9,1.4,0.7,11.9,0.6,6.8,10.1,,2.2,5.0,4.2,11.4,10.2,12.7,16.5,7.5,19.1,5.4
Philadelphia Eagles,PHI,DST,125.0,16,7.8,3.0,2.0,,8.0,12.0,3.0,11.0,8.0,8.0,11.0,9.0,10.0,5.0,13.0,6.0,3.0,13.0
Shannon Sharpe,DEN,TE,125.0,15,8.3,2.3,10.7,7.8,13.4,4.0,11.5,7.9,1.5,4.4,,28.1,5.0,8.4,7.3,9.7,3.0,
Indianapolis Colts,IND,DST,125.0,16,7.8,11.0,19.0,8.0,16.0,3.0,7.0,,6.0,10.0,3.0,2.0,5.0,4.0,9.0,12.0,7.0,3.0
Javon Walker,GB,WR,123.7,16,7.7,14.4,2.5,4.4,10.2,1.4,2.5,2.6,,16.2,0.9,0.6,12.6,13.3,11.0,2.6,24.4,4.1
Justin McCareins,TEN,WR,122.6,16,7.7,4.3,1.9,10.4,14.1,7.2,8.1,1.7,0.8,,11.3,8.5,13.2,15.2,5.6,9.7,8.2,2.4
Duce Staley,PHI,RB,122.5,16,7.7,4.0,7.3,,2.0,4.2,15.4,0.9,4.7,11.2,9.8,5.0,10.3,9.2,9.0,5.8,17.4,6.3
Jay Fiedler,MIA,QB,122.4,12,10.2,17.3,19.1,7.5,,5.9,4.2,9.7,,,,,2.1,27.3,-1.6,13.2,2.0,15.7
New York Giants,NYG,DST,122.0,16,7.6,24.0,11.0,5.0,,4.0,6.0,8.0,9.0,11.0,2.0,1.0,15.0,4.0,3.0,-1.0,4.0,16.0
Pittsburgh Steelers,PIT,DST,121.0,16,7.6,7.0,7.0,10.0,1.0,6.0,9.0,,1.0,5.0,8.0,-1.0,20.0,1.0,14.0,9.0,14.0,10.0
Andre Johnson,HOU,WR,120.6,16,7.5,7.6,7.1,22.2,9.7,,4.9,8.1,2.9,6.4,4.1,14.8,10.0,3.0,1.1,2.8,10.8,5.1
Cleveland Browns,CLE,DST,120.0,16,7.5,9.0,10.0,8.0,0.0,19.0,5.0,6.0,5.0,,4.0,16.0,6.0,11.0,6.0,5.0,4.0,6.0
Detroit Lions,DET,DST,118.0,16,7.4,14.0,4.0,4.0,6.0,4.0,,8.0,3.0,15.0,9.0,-4.0,17.0,15.0,5.0,-4.0,11.0,11.0
Charlie Garner,LV,RB,117.9,14,8.4,19.4,10.2,0.7,13.8,9.5,7.9,10.3,,13.2,0.9,,5.4,3.4,5.7,6.9,10.6,
Garrison Hearst,SF,RB,117.9,12,9.8,21.7,10.4,2.8,8.7,8.4,10.6,21.5,6.8,7.2,,7.9,6.9,5.0,,,,
David Carr,HOU,QB,117.6,12,9.8,14.8,11.9,7.7,19.2,,16.8,8.4,6.5,,13.9,0.5,,2.0,,,13.7,2.2
Correll Buckhalter,PHI,RB,117.5,15,7.8,0.0,2.1,,8.5,0.3,11.4,-0.1,20.0,11.0,2.3,8.9,9.8,3.0,20.4,6.9,,13.0
Rod Smith,DEN,WR,115.2,15,7.7,6.6,7.1,0.2,6.1,15.9,15.6,2.4,3.2,5.8,,8.4,14.6,2.0,11.7,4.1,11.5,
Eddie Kennison,KC,WR,114.2,16,7.1,6.1,4.2,10.4,2.7,1.4,11.7,4.3,5.7,,17.5,8.7,4.1,2.2,14.3,5.0,6.9,9.0
Koren Robinson,SEA,WR,113.1,15,7.5,11.6,,15.9,,7.6,4.8,4.5,3.5,5.1,8.8,3.2,12.4,12.2,3.1,4.7,1.6,14.1
Shawn Bryson,DET,RB,112.6,16,7.0,4.9,9.1,12.8,8.0,2.9,,2.9,8.8,8.5,4.1,6.5,2.7,13.5,7.0,17.2,1.7,2.0
Denver Broncos,DEN,DST,112.0,16,7.0,22.0,6.0,11.0,2.0,4.0,10.0,2.0,2.0,5.0,,14.0,3.0,12.0,3.0,5.0,7.0,4.0
Terry Glenn,DAL,WR,110.9,16,6.9,0.0,11.3,,0.0,16.8,4.1,25.5,3.0,18.0,1.9,0.8,7.4,9.7,0.0,1.8,6.4,4.2
Atlanta Falcons,ATL,DST,110.0,16,6.9,12.0,9.0,2.0,2.0,0.0,5.0,1.0,,3.0,15.0,21.0,-1.0,7.0,14.0,2.0,13.0,5.0
Richie Anderson,DAL,RB,109.9,15,7.3,0.8,3.4,,8.3,12.0,2.7,5.5,3.9,,2.4,8.2,3.6,17.6,7.2,12.3,5.1,16.9
Plaxico Burress,PIT,WR,109.3,16,6.8,11.6,17.5,4.9,6.4,1.9,6.0,,0.6,7.5,0.6,9.2,1.6,11.2,9.8,2.2,17.0,1.3
Drew Brees,LAC,QB,108.9,11,9.9,13.6,9.3,5.3,17.5,25.1,,1.0,3.9,0.0,,,,,,19.0,6.1,8.1
Johnnie Morton,KC,WR,107.4,16,6.7,9.0,4.4,5.0,10.9,11.5,16.9,1.0,0.8,,10.9,9.6,0.0,6.0,3.8,4.9,5.2,7.5
Jimmy Smith,JAC,WR,104.5,12,8.7,,,,,13.7,6.5,,12.0,7.2,14.7,0.5,6.3,19.6,11.8,7.3,1.6,3.3
Kordell Stewart,CHI,QB,103.7,9,11.5,1.9,12.0,,17.1,13.6,10.3,,,,,,10.8,28.0,10.4,,,-0.4
Jacksonville Jaguars,JAC,DST,103.0,16,6.4,9.0,-4.0,2.0,9.0,8.0,6.0,,1.0,10.0,4.0,12.0,8.0,8.0,19.0,4.0,4.0,3.0
Onterrio Smith,MIN,RB,102.8,15,6.9,,5.6,0.9,10.4,10.6,,8.9,4.9,0.0,0.0,0.0,0.0,0.0,4.0,15.8,36.3,5.4
Peerless Price,ATL,WR,102.1,16,6.4,3.0,2.8,4.5,3.0,22.8,0.8,3.8,,8.4,3.7,1.8,14.7,4.6,5.7,1.5,7.6,13.4
Tai Streets,SF,WR,101.5,16,6.3,10.8,11.3,4.4,14.1,2.1,7.7,9.4,2.1,8.6,,0.0,2.6,0.0,7.8,14.9,4.6,1.1
New York Jets,NYJ,DST,100.0,16,6.3,9.0,3.0,8.0,5.0,,22.0,3.0,9.0,0.0,2.0,-3.0,9.0,7.0,7.0,10.0,3.0,6.0
Rod Gardner,WAS,WR,99.8,16,6.2,3.2,17.8,8.5,1.9,2.5,8.8,8.8,,1.4,18.5,2.4,1.3,3.2,10.4,2.4,8.3,0.4
Tyrone Wheatley,LV,RB,99.8,15,6.7,,7.4,3.1,2.9,3.7,1.5,5.2,,1.5,9.4,17.5,13.7,7.2,12.5,5.1,5.6,3.5
Kevin Faulk,NE,RB,99.8,15,6.7,8.7,8.2,9.1,-0.1,,9.3,4.9,15.4,7.2,,3.3,18.8,5.8,1.5,4.3,0.8,2.6
Muhsin Muhammad,CAR,WR,99.5,15,6.6,7.3,6.1,,2.5,4.2,1.0,7.0,,2.9,4.6,16.9,5.8,13.9,5.3,1.1,6.9,14.0
Deion Branch,NE,WR,99.4,15,6.6,0.8,14.9,2.5,4.9,6.8,,6.2,3.0,16.7,,6.9,5.2,12.4,9.3,1.6,2.4,5.8
Todd Heap,BAL,TE,97.4,16,6.1,7.5,0.7,11.0,5.7,,0.2,16.9,5.4,13.3,5.4,6.4,2.9,3.8,1.4,15.3,1.4,0.1
Washington Commanders,WAS,DST,97.0,16,6.1,5.0,8.0,1.0,10.0,7.0,-1.0,5.0,,9.0,10.0,9.0,8.0,0.0,16.0,5.0,6.0,-1.0
Jerry Rice,LV,WR,96.9,16,6.1,4.3,4.0,6.1,12.6,5.1,1.9,7.1,,5.1,4.1,2.0,11.1,2.7,2.7,10.8,15.9,1.4
Las Vegas Raiders,LV,DST,96.0,16,6.0,5.0,13.0,4.0,1.0,8.0,8.0,5.0,,4.0,0.0,22.0,1.0,8.0,4.0,13.0,-3.0,3.0
Bobby Engram,SEA,WR,95.7,16,6.0,0.1,2.8,3.5,,4.5,2.3,13.3,5.0,0.9,12.5,11.9,16.6,0.8,9.3,0.0,11.5,0.7
Marcel Shipp,ARI,RB,95.4,16,6.0,2.7,0.6,2.5,0.3,3.1,10.8,,16.9,14.5,10.3,3.1,9.7,4.4,3.4,6.9,3.6,2.6
Bobby Shaw,BUF,WR,95.2,15,6.4,5.1,14.1,3.4,13.2,2.6,5.8,2.3,1.4,,0.8,9.2,2.7,14.7,1.4,11.7,6.8,
Marty Booker,CHI,WR,94.8,13,7.3,4.9,1.0,,3.4,15.4,0.7,,,,3.6,6.0,4.3,10.4,17.1,4.8,14.0,9.2
Thomas Jones,TB,RB,94.7,15,6.3,4.0,0.8,-2.1,,1.2,4.4,-0.2,,2.9,1.2,14.5,8.7,9.2,10.3,21.1,8.7,10.0
Ike Hilliard,NYG,WR,94.7,13,7.3,1.2,15.8,18.4,,5.3,5.8,1.1,22.0,11.5,1.8,1.8,4.3,4.2,1.5,,,
Doug Flutie,LAC,QB,92.7,7,13.2,,,,,,,,,4.7,31.7,1.9,17.8,15.8,16.8,,4.0,
Dennis Northcutt,CLE,WR,91.2,15,6.1,5.6,6.2,,2.3,3.8,6.2,11.4,2.9,,3.0,13.0,3.2,6.1,4.9,11.5,6.7,4.4
Antowain Smith,NE,RB,89.4,13,6.9,1.9,2.7,5.5,7.2,16.3,,,0.9,8.1,,11.3,1.0,,6.0,8.8,12.3,7.4
Andre Davis,CLE,WR,88.4,16,5.5,1.8,1.3,14.6,4.0,9.2,1.7,0.8,3.6,,3.5,17.7,4.8,1.4,2.4,9.5,4.9,7.2
Travis Taylor,BAL,WR,87.4,16,5.5,9.3,2.8,0.5,4.6,,4.6,25.9,0.5,6.2,6.6,1.1,5.7,2.1,8.5,6.2,0.7,2.1
Amos Zereoue,PIT,RB,86.3,16,5.4,11.5,6.5,9.8,15.9,9.5,2.4,,2.0,5.0,2.2,3.5,1.8,4.2,2.8,3.4,3.8,2.0
Cincinnati Bengals,CIN,DST,86.0,16,5.4,7.0,1.0,4.0,5.0,4.0,,9.0,13.0,5.0,4.0,2.0,2.0,11.0,7.0,9.0,3.0,0.0
David Givens,NE,WR,85.0,11,7.7,,,0.0,11.7,,2.1,9.4,,14.7,,6.7,,2.1,1.7,6.5,16.1,14.0
Kelly Holcomb,CLE,QB,84.7,10,8.5,3.3,6.5,15.0,,,,11.6,2.6,,8.2,27.5,5.4,3.4,1.2,,,
Eric Moulds,BUF,WR,84.0,13,6.5,8.1,19.3,3.0,11.4,9.9,,,5.3,,3.2,,3.8,6.6,1.1,4.8,2.0,5.5
Doug Johnson,ATL,QB,82.3,10,8.2,20.9,11.8,-1.8,4.1,20.1,3.4,,,3.4,,,17.3,2.4,,0.7,,
Houston Texans,HOU,DST,82.0,16,5.1,9.0,2.0,1.0,11.0,,2.0,3.0,1.0,6.0,1.0,10.0,12.0,7.0,1.0,2.0,8.0,6.0
Joey Galloway,DAL,WR,81.4,15,5.4,19.9,4.3,,10.3,5.3,5.6,0.0,2.6,1.4,3.0,,11.0,3.3,0.2,0.0,6.4,8.1
Kevin Johnson,Multi,WR,81.4,15,5.4,2.6,9.4,10.9,8.9,8.0,1.7,5.3,3.0,,0.3,,7.7,2.0,2.9,14.7,2.7,1.3
Kelly Campbell,MIN,WR,81.3,14,5.8,2.3,7.2,15.7,1.3,5.6,,10.7,,,1.0,17.5,2.2,1.8,12.0,1.8,0.5,1.7
Vinny Testaverde,NYJ,QB,81.2,7,11.6,4.2,16.9,13.3,8.7,,17.1,12.5,8.5,,,,,,,,,
Marcus Robinson,BAL,WR,81.1,15,5.4,1.4,1.0,1.0,0.9,,0.7,,0.0,0.5,0.8,1.3,37.1,13.1,10.4,0.0,2.7,10.2
Chicago Bears,CHI,DST,80.0,16,5.0,0.0,5.0,,-2.0,6.0,1.0,6.0,5.0,6.0,5.0,10.0,6.0,14.0,7.0,8.0,1.0,2.0
Jerome Pathon,NO,WR,79.8,16,5.0,1.7,1.4,14.9,10.1,0.7,5.5,6.5,3.4,0.5,,4.7,1.5,1.4,0.8,10.5,12.5,3.7
Donald Driver,GB,WR,79.2,15,5.3,2.8,,1.2,5.0,13.7,5.9,6.0,,7.1,1.8,1.2,3.1,4.0,0.4,17.2,7.8,2.0
Trung Canidate,WAS,RB,79.1,11,7.2,4.6,8.9,4.6,9.5,3.5,2.7,,,,10.4,3.1,14.1,10.9,6.8,,,
Ashley Lelie,DEN,WR,79.1,16,4.9,1.2,4.5,17.7,14.2,3.6,0.5,4.3,2.8,2.2,,7.7,0.2,-0.4,0.7,7.1,11.5,1.3
Rock Cartwright,WAS,RB,78.7,15,5.3,0.4,6.1,2.7,7.4,1.2,1.2,1.8,,5.3,9.6,3.8,,6.7,1.9,9.4,5.6,15.6
Keyshawn Johnson,TB,WR,78.0,10,7.8,8.3,10.2,2.5,,6.2,14.0,0.4,6.7,12.3,14.0,3.4,,,,,,
Dez White,CHI,WR,77.6,15,5.2,2.8,6.7,,2.7,4.8,15.1,3.5,3.6,5.8,1.8,9.9,1.5,11.5,2.7,1.1,4.1,
Darnerien McCants,WAS,WR,76.0,15,5.1,6.4,2.1,14.7,0.0,13.9,11.2,1.7,,2.1,0.0,8.5,0.7,,8.8,0.5,4.0,1.4
Curtis Conway,NYJ,WR,76.0,16,4.8,2.8,8.1,7.0,2.4,,4.1,0.3,3.2,2.7,5.4,9.8,2.6,13.8,5.1,0.2,3.8,4.7
Robert Ferguson,GB,WR,75.2,15,5.0,5.3,8.9,3.4,0.0,0.5,3.6,2.5,,0.0,1.6,4.6,8.1,3.5,7.9,16.8,8.5,
Drew Bennett,TEN,WR,75.0,12,6.3,0.0,0.0,17.1,11.2,4.1,2.9,15.7,4.8,,,,,,0.0,3.2,14.4,1.6
Az-Zahir Hakim,DET,WR,74.8,14,5.3,,,1.6,0.9,3.4,,1.2,5.8,0.5,2.6,12.0,12.1,6.5,0.0,13.2,0.9,14.1
Troy Brown,NE,WR,73.9,12,6.2,1.0,4.3,2.3,7.0,12.4,2.0,19.1,1.3,-0.5,,,,,,10.3,3.5,11.2
Boo Williams,NO,TE,73.6,15,4.9,0.0,,0.1,0.7,0.7,2.1,9.2,0.8,1.3,,0.0,17.0,10.3,11.9,4.7,11.4,3.4
Corey Dillon,CIN,RB,73.2,13,5.6,4.1,15.0,2.6,2.0,,,11.5,,1.3,,3.6,11.3,5.1,4.5,2.4,3.7,6.1
Itula Mili,SEA,TE,73.2,16,4.6,0.2,0.9,3.4,,3.1,7.5,0.7,20.0,2.1,1.9,2.9,5.4,6.2,0.3,6.9,7.0,4.7
Josh Reed,BUF,WR,72.6,16,4.5,0.5,7.1,2.7,0.9,2.0,4.2,16.9,3.9,,3.8,7.5,2.6,7.5,9.0,0.0,0.0,4.0
Tim Couch,CLE,QB,72.3,10,7.2,,,,17.5,21.4,4.9,0.1,1.6,,,,,0.2,6.7,14.9,0.5,4.5
Marcus Pollard,IND,TE,72.1,13,5.6,2.8,1.2,,6.3,4.4,2.7,,9.2,6.8,15.2,,,9.6,3.0,2.4,5.5,3.0
Randy McMichael,MIA,TE,71.8,16,4.5,1.6,8.1,5.7,,5.7,2.7,10.2,8.4,8.8,1.7,0.9,1.5,2.4,0.0,9.5,0.6,4.0
Alge Crumpler,ATL,TE,71.2,16,4.5,15.4,11.4,3.1,7.6,3.1,1.0,3.7,,1.0,2.1,1.0,1.8,4.8,5.7,0.2,6.6,2.7
Corey Bradford,HOU,WR,70.0,15,4.7,14.5,4.3,0.7,0.9,,18.7,0.7,-0.1,0.0,13.3,0.7,1.9,,1.2,2.4,9.6,1.2
Freddie Jones,ARI,TE,69.7,16,4.4,12.5,2.5,3.2,0.0,3.9,12.0,,2.2,9.8,6.6,0.7,1.1,6.2,1.4,3.5,1.1,3.0
DeShaun Foster,CAR,RB,69.6,14,5.0,2.2,2.0,,3.0,2.5,13.9,1.0,2.5,1.7,5.4,0.2,,,0.9,12.6,15.4,6.3
Anthony Wright,BAL,QB,69.3,7,9.9,,,,,,,,,,,-1.1,31.5,13.7,6.1,7.5,7.2,4.4
Quincy Morgan,CLE,WR,69.2,16,4.3,1.4,1.8,2.4,15.2,5.2,1.4,2.2,0.4,,2.5,17.6,1.6,3.0,12.4,1.2,1.0,-0.1
Rich Gannon,LV,QB,68.8,7,9.8,19.2,4.2,6.0,24.5,3.8,10.7,0.4,,,,,,,,,,
Tim Brown,LV,WR,68.7,16,4.3,12.4,0.7,1.1,17.0,4.3,1.4,4.2,,4.9,3.3,2.5,5.0,2.2,1.9,4.1,3.0,0.7
Antonio Bryant,DAL,WR,67.0,16,4.2,7.1,9.8,,7.3,1.6,4.9,5.5,0.0,5.2,2.1,3.7,1.7,10.4,0.0,1.6,4.1,2.0
James Thrash,PHI,WR,67.0,16,4.2,9.3,8.0,,5.1,2.6,1.5,-0.3,2.7,6.9,5.5,4.8,1.9,8.7,3.4,4.8,1.3,0.8
Jamel White,CLE,RB,66.9,16,4.2,2.6,0.8,1.3,8.0,-0.3,3.0,2.0,2.4,,2.5,3.2,2.5,4.9,20.0,5.5,3.1,5.4
Freddie Mitchell,PHI,WR,66.8,16,4.2,1.5,1.6,,2.4,3.9,2.7,0.0,2.9,10.3,2.3,6.0,2.4,4.0,5.8,8.0,2.3,10.7
Josh McCown,ARI,QB,66.6,8,8.3,,3.3,,2.7,,,,,,,-1.9,0.0,,12.3,15.7,16.8,17.7
Todd Pinkston,PHI,WR,66.4,16,4.2,0.7,3.5,,6.0,2.2,0.0,0.6,2.3,1.5,7.5,2.2,4.8,1.5,2.3,7.8,16.1,7.4
Arizona Cardinals,ARI,DST,66.0,16,4.1,-4.0,0.0,8.0,-1.0,3.0,2.0,,9.0,7.0,2.0,-4.0,20.0,4.0,-1.0,6.0,9.0,6.0
Dane Looker,LAR,WR,65.9,16,4.1,1.7,10.7,2.5,8.7,,2.3,9.1,2.7,3.2,3.8,2.7,1.2,4.1,5.0,3.0,1.7,3.5
Troy Edwards,JAC,WR,65.8,12,5.5,,,,17.1,9.9,2.9,,6.3,6.2,1.8,6.7,,2.4,1.2,1.7,0.9,8.7
Jimmy Kleinsasser,MIN,TE,65.6,16,4.1,0.0,14.9,3.0,2.9,0.0,,1.3,0.8,7.6,6.1,6.7,1.7,7.9,0.6,3.0,7.3,1.8
Daniel Graham,NE,TE,64.9,13,5.0,0.1,0.3,3.7,5.4,,,0.9,11.0,9.9,,0.5,11.3,,2.4,12.9,0.4,6.1
Donte' Stallworth,NO,WR,64.8,11,5.9,10.1,10.6,0.0,1.7,1.5,2.1,12.9,,,,0.5,,,,2.3,5.7,17.4
Kyle Boller,BAL,QB,64.6,11,5.9,11.5,-0.6,5.9,1.1,,3.5,18.9,10.6,8.6,4.7,,,,,,0.4,0.0
Troy Walters,IND,WR,64.2,13,4.9,2.7,0.8,,1.3,4.2,4.2,,3.4,9.7,7.3,14.8,,11.6,2.0,0.0,,2.2
Jeremy Shockey,NYG,TE,63.5,9,7.1,3.6,6.8,6.5,,11.0,8.0,6.3,8.1,8.6,4.6,,,,,,,
Michael Vick,ATL,QB,63.0,5,12.6,,,,,,,,,,,,,4.0,25.3,0.9,16.7,16.1
Ricky Proehl,CAR,WR,62.9,16,3.9,8.0,0.8,,7.0,2.2,0.0,1.2,0.9,0.0,19.3,2.2,3.6,2.4,0.0,0.0,2.7,12.6
Rick Mirer,LV,QB,62.9,9,7.0,,,,,,,,,1.0,11.6,8.2,22.6,5.7,-3.3,12.2,2.6,2.3
William Green,CLE,RB,62.9,7,9.0,10.5,4.1,4.7,6.4,12.0,18.3,6.9,,,,,,,,,,
Michael Bennett,MIN,RB,61.9,8,7.7,,,,,,,,,5.8,2.5,7.2,13.3,12.2,11.5,,3.1,6.3
James Jackson,CLE,RB,61.6,11,5.6,0.6,,0.0,1.5,,0.3,4.9,7.5,,12.4,17.3,10.3,3.8,3.0,,,
Anthony Becht,NYJ,TE,61.6,16,3.9,1.2,1.2,3.0,0.2,,16.1,3.0,3.1,10.4,2.6,-0.1,6.3,0.0,1.4,1.1,2.9,9.2
Mike Anderson,DEN,RB,61.0,12,5.1,1.5,13.1,13.5,4.9,1.5,0.0,7.4,0.0,6.1,,,,,,1.0,12.0,0.0
Zack Crockett,LV,RB,59.8,15,4.0,,0.0,7.0,1.4,7.2,0.3,6.6,,0.3,9.1,15.4,0.5,1.2,0.5,6.4,0.0,3.9
Tony Fisher,GB,RB,58.6,15,3.9,0.0,8.4,4.5,2.4,9.3,1.8,,,5.6,1.7,8.3,2.5,0.0,2.2,4.1,4.5,3.3
Tim Rattay,SF,QB,58.2,8,7.3,,0.6,,9.8,,,,0.1,19.8,,18.0,7.7,1.8,0.4,,,
Morten Andersen,KC,K,58.0,16,3.6,3.0,5.0,6.0,2.0,3.0,4.0,2.0,5.0,,5.0,1.0,3.0,4.0,3.0,6.0,2.0,4.0
Olandis Gary,DET,RB,57.3,13,4.4,4.4,1.5,2.1,4.0,13.8,,3.7,2.3,11.2,-0.2,4.7,2.1,3.7,4.0,,,
Charles Lee,TB,WR,56.6,7,8.1,,,,,,,,,0.0,,,15.1,4.7,6.0,10.1,14.8,5.9
Tyrone Calico,TEN,WR,56.2,12,4.7,7.1,6.7,0.0,,11.2,9.2,2.0,8.7,,8.6,2.7,0.0,0.0,,0.0,,
Erron Kinney,TEN,TE,56.1,16,3.5,4.6,2.4,2.8,7.9,1.4,1.2,1.0,3.2,,1.1,0.9,3.7,2.8,4.1,10.4,6.2,2.4
Najeh Davenport,GB,RB,55.8,15,3.7,0.8,3.2,0.0,,0.2,10.3,12.4,,4.9,2.4,7.1,6.2,1.4,1.6,0.5,2.1,2.7
Arlen Harris,LAR,RB,55.7,16,3.5,1.6,-2.0,-2.0,6.5,,4.9,14.7,27.6,4.3,0.0,0.0,-0.5,0.0,0.0,0.0,0.0,0.6
Nate Burleson,MIN,WR,55.5,16,3.5,0.0,0.6,2.9,11.4,7.1,,0.0,5.2,5.1,7.9,1.2,3.2,2.8,0.0,1.6,5.7,0.8
Mikhael Ricks,DET,TE,55.4,15,3.7,4.3,1.4,3.9,0.7,13.6,,0.0,7.5,0.9,,4.5,4.6,5.6,2.5,2.7,0.0,3.2
Kelley Washington,CIN,WR,54.4,15,3.6,1.8,0.0,,2.8,1.8,,0.0,10.2,1.7,0.0,0.0,12.1,11.1,3.4,0.0,9.1,0.4
Ladell Betts,WAS,RB,54.2,9,6.0,8.1,11.2,9.6,9.5,3.8,5.2,1.1,,,,,,5.4,0.3,,,
James McKnight,MIA,WR,54.0,15,3.6,1.2,0.0,1.8,,14.5,3.3,1.6,10.3,0.0,0.0,0.6,15.6,1.5,0.4,2.3,0.9,
Dante Hall,KC,RB,53.6,16,3.4,5.8,2.1,5.0,-0.5,1.7,3.2,0.0,16.7,,-1.2,0.4,1.9,0.2,13.9,3.8,0.3,0.3
Billy Miller,HOU,TE,53.5,16,3.3,2.0,1.2,0.8,1.3,,4.7,1.4,9.7,11.8,1.1,0.0,7.6,4.0,2.9,1.0,3.3,0.7
Jabar Gaffney,HOU,WR,53.5,14,3.8,7.0,6.1,4.2,9.8,,0.0,0.8,5.8,3.0,6.8,4.0,1.3,2.8,0.5,,1.4,
Gus Frerotte,MIN,QB,53.5,5,10.7,,,9.5,26.3,17.9,,,,,,,,0.0,,,-0.2,
LaMont Jordan,NYJ,RB,53.1,14,3.8,6.0,6.1,1.9,-0.2,,3.3,10.8,7.8,1.2,13.2,2.5,,,0.3,0.0,0.0,0.2
Bubba Franks,GB,TE,52.1,15,3.5,3.8,2.1,2.2,9.9,4.0,6.1,2.6,,,0.4,0.0,0.7,9.2,2.6,0.0,2.3,6.2
Bill Schroeder,DET,WR,51.7,16,3.2,9.6,4.2,5.4,0.0,0.2,,2.6,3.1,0.0,1.8,3.0,4.4,2.2,3.8,2.3,0.9,8.2
Cedrick Wilson,SF,WR,51.4,16,3.2,0.8,5.9,1.2,4.1,0.0,3.5,1.3,0.0,3.1,,0.9,4.3,0.8,9.8,3.0,1.7,11.0
Desmond Clark,CHI,TE,51.3,15,3.4,6.9,3.3,,6.3,-0.1,2.3,1.9,,3.1,9.9,4.4,3.3,1.9,1.3,3.0,0.4,3.4
Ryan Longwell,GB,K,51.0,16,3.2,2.0,4.0,1.0,5.0,5.0,4.0,3.0,,3.0,2.0,2.0,2.0,2.0,2.0,5.0,5.0,4.0
LaBrandon Toefield,JAC,RB,51.0,16,3.2,0.7,1.1,1.4,1.3,0.7,2.9,,0.7,2.8,0.5,2.9,4.3,0.9,12.9,0.0,8.5,9.4
Chester Taylor,BAL,RB,50.8,16,3.2,0.9,1.1,1.2,5.5,,7.0,7.0,1.6,9.3,2.8,4.3,-2.1,1.2,2.6,2.4,4.5,1.5
Jerald Sowell,NYJ,RB,49.8,16,3.1,2.0,1.0,3.6,2.1,,1.6,2.9,2.2,3.0,11.2,2.1,5.2,3.2,0.4,2.6,2.4,4.3
Jed Weaver,SF,TE,49.7,16,3.1,0.0,3.5,2.4,1.7,0.9,1.6,1.6,1.3,1.6,,2.8,1.4,2.7,7.6,2.7,6.1,11.8
Antonio Gates,LAC,TE,48.9,14,3.5,,0.0,0.0,3.0,-1.2,,0.0,,0.0,11.5,0.0,1.2,10.9,1.8,11.7,6.4,3.6
Stacey Mack,HOU,RB,48.8,8,6.1,9.5,3.1,6.2,5.9,,1.9,13.3,0.3,8.6,,,,,,,,
Brian Finneran,ATL,WR,48.8,11,4.4,4.5,,,,,5.5,9.2,,4.9,0.5,0.7,,3.1,4.7,3.8,7.3,4.6
Emmitt Smith,ARI,RB,48.3,10,4.8,7.3,5.4,6.6,8.5,0.1,,,,,,,,0.2,1.5,8.3,3.6,6.8
Antwaan Randle El,PIT,WR,48.2,16,3.0,0.4,1.5,2.4,6.2,2.8,1.6,,5.2,4.5,-0.3,9.8,0.7,0.9,5.9,1.4,1.0,4.2
Aaron Elling,MIN,K,48.0,16,3.0,3.0,3.0,2.0,5.0,3.0,,4.0,2.0,3.0,4.0,1.0,3.0,2.0,4.0,1.0,6.0,2.0
Josh Brown,SEA,K,48.0,16,3.0,3.0,5.0,3.0,,1.0,2.0,3.0,3.0,2.0,2.0,5.0,5.0,4.0,1.0,2.0,4.0,3.0
Bryant Johnson,ARI,WR,47.8,15,3.2,0.7,4.8,8.6,4.0,0.6,,,1.8,0.0,13.6,0.0,0.6,0.5,1.6,1.8,7.0,2.2
Aveion Cason,DAL,RB,47.7,10,4.8,16.6,1.5,,3.7,2.0,4.5,2.0,1.9,1.8,,,9.5,4.2,,,,
Derrick Blaylock,KC,RB,47.3,13,3.6,1.5,1.9,7.9,0.0,,,0.0,0.0,,0.0,,11.3,3.0,2.8,17.3,0.4,1.2
Jeff Wilkins,LAR,K,46.7,16,2.9,1.0,3.0,2.0,4.0,,4.0,4.0,3.0,1.0,3.0,2.0,3.0,6.0,2.7,3.0,3.0,2.0
Tim Hasselbeck,WAS,QB,46.6,7,6.7,,,,,,,,,0.7,,,9.0,6.2,14.0,-5.6,16.9,5.4
Scotty Anderson,DET,WR,46.5,7,6.6,,4.2,,10.3,,,2.7,5.9,1.0,7.7,14.7,,,,,,
Mike Vanderjagt,IND,K,46.0,16,2.9,0.0,3.0,2.0,7.0,5.0,2.0,,3.0,2.0,2.0,5.0,0.0,4.0,2.0,5.0,2.0,2.0
Chris Chandler,CHI,QB,45.6,8,5.7,,-1.7,,,,,4.4,13.3,8.1,8.2,6.3,3.4,,,,,3.6
Matt Schobel,CIN,TE,45.2,12,3.8,9.7,1.3,0.8,,,,12.2,,2.3,2.7,0.5,,7.8,2.2,1.5,0.0,4.2
Ricky Williams,IND,RB,45.2,13,3.5,16.9,22.2,18.9,13.4,21.4,11.5,10.3,7.5,11.9,5.9,12.9,23.7,12.5,7.3,16.8,11.6,20.5
Eric Parker,LAC,WR,44.5,8,5.6,10.3,11.9,4.0,3.1,10.4,,2.2,2.6,0.0,,,,,,,,
Tony Banks,HOU,QB,44.4,6,7.4,,,6.3,,,,,2.2,11.4,,10.3,10.2,4.0,,,,
Chad Morton,WAS,RB,44.3,15,3.0,1.1,0.0,2.7,3.0,3.0,0.0,3.5,,5.4,,0.0,6.8,1.7,5.6,-0.9,9.6,2.8
Robert Holcombe,TEN,RB,44.2,15,3.0,2.0,3.0,-0.2,1.4,1.9,8.5,5.6,6.5,,2.1,-1.3,0.1,0.4,6.0,5.1,3.1,
Charles Rogers,DET,WR,44.0,5,8.8,17.0,4.3,5.4,12.2,5.1,,,,,,,,,,,,
Justin Gage,CHI,WR,43.8,9,4.9,,,,,,,2.6,11.8,5.2,1.6,0.0,,10.0,2.8,1.6,8.2,
Mack Strong,SEA,RB,43.0,16,2.7,4.1,0.3,1.2,,0.1,12.2,2.9,0.9,1.3,3.2,2.1,1.6,7.8,0.7,1.6,2.9,0.1
Michael Cloud,NE,RB,42.6,5,8.5,,,,,19.3,8.3,0.8,,,,,1.6,12.6,,,,
David Terrell,CHI,WR,42.5,16,2.7,0.6,7.4,,4.8,0.0,0.5,3.4,2.2,3.8,1.4,0.4,1.4,0.9,4.8,4.2,2.2,4.5
David Akers,PHI,K,42.0,16,2.6,0.0,1.0,,2.0,3.0,3.0,2.0,3.0,2.0,2.0,4.0,3.0,1.0,4.0,4.0,4.0,4.0
Gary Anderson,TEN,K,42.0,15,2.8,,1.0,3.0,4.0,1.0,5.0,4.0,3.0,,4.0,1.0,5.0,2.0,1.0,2.0,3.0,3.0
Lamar Gordon,LAR,RB,41.7,9,4.6,,5.7,6.6,14.9,,9.2,2.0,,,,1.0,,0.6,,0.2,1.5,
Dorsey Levens,NYG,RB,41.6,11,3.8,,,,,,,6.4,1.3,10.2,6.1,0.1,0.2,0.4,8.1,5.6,0.4,2.8
Jerry Porter,LV,TE,41.1,9,4.6,0.6,,,,,,6.9,,4.9,8.7,4.9,9.9,2.9,1.2,1.1,,
Ernie Conwell,NO,TE,41.0,9,4.6,3.8,6.2,4.7,8.8,4.4,7.2,3.6,2.3,0.0,,,,,,,,
Justin Griffith,ATL,RB,41.0,15,2.7,4.7,2.8,0.6,1.2,0.0,0.4,0.4,,0.6,6.4,,2.3,4.1,3.5,0.9,3.2,9.9
Jason Witten,DAL,TE,40.7,15,2.7,1.3,2.5,,0.0,4.1,,0.0,1.5,0.0,2.4,0.6,4.9,5.8,3.5,0.0,9.6,4.5
Christian Fauria,NE,TE,40.5,15,2.7,0.7,13.9,4.9,3.1,3.3,0.7,1.6,0.0,3.0,,2.4,1.0,4.5,0.0,,1.0,0.4
Billy Volek,TEN,QB,40.2,6,6.7,,0.3,,,,-0.1,6.0,,,0.9,,8.9,,,24.2,,
Dallas Clark,IND,TE,40.0,10,4.0,1.8,6.3,1.6,7.1,2.3,3.1,,,,4.3,10.0,1.7,1.8,,,,
Shayne Graham,CIN,K,40.0,16,2.5,1.0,2.0,1.0,3.0,1.0,,4.0,3.0,2.0,4.0,3.0,4.0,3.0,1.0,5.0,1.0,2.0
Mark Campbell,BUF,TE,39.9,14,2.9,2.4,3.8,0.1,3.8,2.0,1.9,3.6,2.1,,0.9,0.6,,,0.0,8.8,5.5,4.4
Kassim Osgood,LAC,WR,39.8,14,2.8,0.0,0.0,1.8,2.3,0.0,,,0.0,0.0,,7.9,0.0,6.2,0.8,4.6,16.2,0.0
William Henderson,GB,RB,39.4,13,3.0,,0.2,4.7,10.7,8.8,1.0,7.5,,1.9,0.0,0.0,,0.0,0.8,3.7,0.1,
Brandon Stokley,IND,WR,39.1,6,6.5,,,,,,,,0.0,3.4,,,,,1.0,21.5,0.5,12.7
Jason Elam,DEN,K,39.0,16,2.4,3.0,4.0,4.0,2.0,2.0,2.0,2.0,0.0,1.0,,4.0,1.0,2.0,6.0,2.0,4.0,0.0
Lee Suggs,CLE,RB,38.9,7,5.6,,,,,,,,,,,0.5,0.0,0.0,0.0,3.0,4.8,30.6
Quentin Griffin,DEN,RB,38.6,9,4.3,,,1.2,2.3,,,,,0.3,,5.4,2.6,0.3,1.0,,16.0,9.5
Cory Schlesinger,DET,RB,38.3,16,2.4,8.9,0.4,1.3,0.8,2.1,,1.5,1.8,11.6,2.8,2.2,0.2,0.7,0.4,2.7,0.0,0.9
L.J. Smith,PHI,TE,38.1,14,2.7,0.0,,,1.7,3.9,0.5,2.5,3.2,9.7,0.0,2.9,2.8,1.5,6.6,1.6,,1.2
Brandon Manumaleuna,LAR,TE,37.3,16,2.3,1.1,0.0,0.5,2.8,,5.6,2.3,3.2,0.0,1.5,6.7,2.6,0.0,1.3,-0.5,1.8,8.4
Adam Vinatieri,NE,K,37.0,16,2.3,0.0,4.0,2.0,2.0,5.0,2.0,1.0,0.0,3.0,,0.0,2.0,5.0,1.0,3.0,3.0,4.0
Brandon Bennett,CIN,RB,36.9,15,2.5,-0.9,5.9,3.0,1.5,-1.5,,0.5,0.2,,7.2,0.0,3.3,1.6,7.6,1.6,4.0,2.9
John Carney,NO,K,36.3,16,2.3,1.0,4.0,1.0,1.3,1.0,2.0,6.0,2.0,2.0,,2.0,2.0,3.0,1.0,6.0,1.0,1.0
Steve Christie,LAC,K,36.0,16,2.3,2.0,1.0,1.0,4.0,3.0,,2.0,1.0,1.0,6.0,0.0,3.0,3.0,2.0,1.0,3.0,3.0
Derrius Thompson,MIA,WR,35.9,16,2.2,0.0,2.4,3.2,,2.2,1.6,6.5,2.0,0.0,1.7,1.0,1.6,3.8,3.1,3.5,0.0,3.3
Chad Lewis,PHI,TE,35.3,15,2.4,2.2,3.6,,,0.0,0.9,1.5,0.8,1.4,3.3,1.6,3.7,2.9,2.8,3.1,1.2,6.3
Mark Brunell,JAC,QB,35.3,3,11.8,18.7,12.2,4.4,,,,,,,,,,,,,,
Brandon Lloyd,SF,WR,35.2,13,2.7,0.0,,0.0,0.0,2.6,,0.0,,9.5,,1.5,0.0,3.2,0.6,0.2,11.3,6.3
Matt Stover,BAL,K,35.0,16,2.2,1.0,3.0,3.0,1.0,,2.0,1.0,2.0,1.0,1.0,0.0,5.0,5.0,4.0,0.0,5.0,1.0
Wayne Chrebet,NYJ,WR,34.9,7,5.0,4.0,6.9,11.5,3.7,,1.0,,4.4,3.4,,,,,,,,
Brock Forsey,CHI,RB,34.8,5,7.0,,,,,,,0.5,12.6,,,,,22.1,-0.4,,0.0,
Brian Griese,MIA,QB,33.9,5,6.8,,,,,,,,19.5,9.2,-4.8,3.6,6.4,,,,,
Terry Jones,BAL,TE,33.9,15,2.3,2.1,0.6,1.1,0.0,,1.7,1.5,6.9,1.7,0.5,0.0,0.0,7.2,,2.5,7.1,1.0
Olindo Mare,MIA,K,33.0,16,2.1,2.0,3.0,2.0,,2.0,3.0,1.0,3.0,2.0,1.0,0.0,3.0,4.0,0.0,3.0,2.0,2.0
Martin Gramatica,TB,K,33.0,16,2.1,2.0,0.0,4.0,,5.0,5.0,1.0,1.0,2.0,3.0,1.0,2.0,1.0,2.0,1.0,2.0,1.0
Bryan Gilmore,ARI,WR,32.8,14,2.3,1.2,,,0.0,9.0,7.4,,1.8,4.0,0.0,0.9,5.0,0.3,0.0,2.4,0.8,0.0
Matt Hatchette,JAC,WR,32.3,6,5.4,12.0,1.2,10.5,2.5,4.5,1.6,,,,,,,,,,,
Jay Feely,ATL,K,32.0,16,2.0,3.0,4.0,1.0,0.0,2.0,0.0,2.0,,1.0,3.0,2.0,4.0,1.0,2.0,1.0,3.0,3.0
Bethel Johnson,NE,WR,31.7,15,2.1,2.5,2.1,0.0,0.0,0.0,1.5,0.0,3.9,0.0,,1.6,12.5,0.7,0.0,,0.0,6.9
Maurice Morris,SEA,RB,31.1,16,1.9,0.0,6.7,2.8,,1.8,0.5,0.0,2.4,4.7,0.6,1.7,0.2,0.0,0.0,0.9,7.7,1.1
Doug Jolley,LV,TE,31.0,12,2.6,3.3,0.8,4.2,10.7,3.5,2.0,0.0,,0.0,,2.5,1.1,,,2.6,,0.3
Jeff Reed,PIT,K,31.0,16,1.9,4.0,2.0,2.0,1.0,1.0,0.0,,3.0,1.0,4.0,2.0,1.0,2.0,3.0,0.0,4.0,1.0
Tim Carter,NYG,WR,30.9,11,2.8,0.0,2.8,0.5,,0.8,2.0,1.1,4.5,,5.6,4.8,,4.6,4.2,,,
Ken Dilger,TB,TE,30.4,13,2.3,0.3,3.0,2.4,,6.3,0.6,0.5,5.1,0.6,,1.8,,0.0,8.6,,0.9,0.3
Kyle Brady,JAC,TE,30.1,16,1.9,1.1,4.2,1.8,0.0,1.2,3.7,,3.1,1.1,2.5,3.5,0.0,7.2,0.4,0.8,0.4,-0.9
Seth Marler,JAC,K,30.0,16,1.9,2.0,2.0,1.0,2.0,3.0,1.0,,2.0,2.0,4.0,0.0,1.0,2.0,3.0,1.0,2.0,2.0
Billy Cundiff,DAL,K,30.0,15,2.0,1.0,2.0,,2.0,2.0,2.0,5.0,0.0,3.0,1.0,,3.0,3.0,1.0,3.0,1.0,1.0
Chris Doering,PIT,WR,30.0,13,2.3,,2.1,2.5,4.4,0.0,,,,0.0,12.2,6.1,0.0,0.7,0.0,0.8,0.0,1.2
Marc Edwards,JAC,RB,29.9,15,2.0,6.9,3.5,0.1,4.2,2.6,0.3,,1.4,0.9,0.5,0.7,2.0,,0.3,4.1,0.0,2.4
Stanley Pritchett,CHI,RB,29.6,15,2.0,0.6,1.1,,0.6,7.9,0.6,7.9,-0.4,0.0,1.1,0.6,3.2,0.6,0.5,,5.3,0.0
John Kasay,CAR,K,29.0,16,1.8,1.0,0.0,,2.0,1.0,2.0,2.0,2.0,1.0,3.0,2.0,2.0,1.0,2.0,2.0,2.0,4.0
Frank Wycheck,TEN,TE,28.5,10,2.9,1.2,,,,,,,1.0,,1.6,0.0,15.9,1.0,2.0,0.4,2.5,2.9
Wesley Walls,GB,TE,28.2,12,2.4,,,,0.0,0.5,6.4,1.6,,0.0,1.5,,0.5,6.7,1.3,0.4,8.2,1.1
Chris Brown,TEN,RB,28.2,11,2.6,,,,0.3,0.6,3.6,,,,5.0,0.2,2.7,1.1,2.3,0.6,8.8,3.0
Mike Alstott,TB,RB,28.0,4,7.0,5.9,3.1,16.4,,2.6,,,,,,,,,,,,
Sebastian Janikowski,LV,K,28.0,16,1.8,2.0,2.0,1.0,4.0,0.0,1.0,1.0,,1.0,3.0,4.0,3.0,0.0,1.0,2.0,1.0,2.0
Casey Fitzsimmons,DET,TE,28.0,13,2.2,0.0,1.8,,1.5,2.2,,0.0,0.1,0.0,3.3,0.7,0.6,1.3,6.9,,,9.6
Dominic Rhodes,IND,RB,27.9,11,2.5,,,,11.2,0.2,,,1.4,4.9,,0.0,0.0,0.9,1.6,4.5,0.1,3.1
George Wrighster,JAC,TE,27.0,13,2.1,0.0,8.1,,,0.0,0.0,,8.3,0.0,2.8,2.0,0.6,0.0,1.1,,3.0,1.1
Kris Brown,HOU,K,27.0,16,1.7,0.0,1.0,2.0,3.0,,2.0,2.0,3.0,2.0,3.0,0.0,2.0,2.0,0.0,0.0,3.0,2.0
Paul Edinger,CHI,K,27.0,16,1.7,1.0,1.0,,2.0,1.0,1.0,0.0,3.0,2.0,1.0,3.0,1.0,4.0,3.0,1.0,3.0,0.0
Fred Beasley,SF,RB,26.8,15,1.8,1.7,0.0,0.5,0.6,0.0,0.0,0.3,1.7,5.1,,9.4,,4.4,0.9,0.5,1.1,0.6
Michael Lewis,NO,WR,26.8,13,2.1,-1.8,0.0,0.0,0.0,,,1.2,0.0,12.9,,8.5,0.0,,0.0,0.0,1.4,4.6
Jon Ritchie,PHI,RB,26.7,14,1.9,1.2,0.0,,0.4,7.4,0.2,0.3,7.0,0.0,1.1,,6.2,0.9,,1.3,0.7,0.0
Travis Minor,MIA,RB,26.6,15,1.8,0.3,2.7,,,0.0,2.3,0.0,0.0,1.1,2.7,3.0,2.0,2.6,-0.4,8.4,1.9,0.0
Tim Dwight,LAC,WR,26.1,9,2.9,2.3,4.7,4.2,,3.6,,0.3,1.4,2.2,7.4,0.0,,,,,,
John Hall,WAS,K,26.0,16,1.6,1.0,4.0,1.0,2.0,1.0,1.0,1.0,,0.0,3.0,2.0,2.0,2.0,2.0,0.0,3.0,1.0
Jason Hanson,DET,K,26.0,16,1.6,6.0,0.0,1.0,1.0,2.0,,1.0,0.0,2.0,0.0,2.0,2.0,1.0,1.0,2.0,2.0,3.0
Jesse Palmer,NYG,QB,25.6,5,5.1,,,,,,,,,,0.4,,,,1.3,12.1,7.4,4.4
Dan Campbell,DAL,TE,25.5,14,1.8,0.0,2.3,,,0.0,0.8,2.8,0.0,2.9,6.7,1.2,2.2,,0.1,2.3,1.8,2.4
Larry Centers,NE,RB,24.8,9,2.8,5.4,1.9,2.9,10.1,2.4,-0.2,,,,,,,,,0.9,0.5,0.9
Jeremi Johnson,CIN,RB,24.3,15,1.6,0.6,0.1,0.0,0.6,1.1,,0.5,1.4,,6.9,7.3,1.7,0.2,1.8,1.3,0.6,0.2
Doug Brien,NYJ,K,24.0,16,1.5,1.0,1.0,1.0,0.0,,3.0,1.0,2.0,4.0,1.0,4.0,1.0,3.0,0.0,0.0,1.0,1.0
Rian Lindell,BUF,K,24.0,16,1.5,4.0,5.0,1.0,1.0,1.0,0.0,3.0,0.0,,0.0,0.0,2.0,3.0,2.0,2.0,0.0,0.0
Joe Jerevicius,TB,WR,23.8,4,6.0,15.9,3.1,,,,,,,,,0.5,4.3,,,,,
Nate Poole,ARI,WR,23.7,8,3.0,,0.0,,,0.7,2.2,,,,,,0.0,,1.9,2.2,2.1,14.6
Rex Grossman,CHI,QB,23.4,3,7.8,,,,,,,,,,,,,,,6.2,16.0,1.2
Aaron Stecker,TB,RB,23.3,15,1.6,0.2,1.3,0.9,,2.2,1.3,1.9,2.0,0.4,1.3,0.0,2.7,,0.0,1.7,0.0,7.4
Sammy Morris,BUF,RB,23.0,9,2.6,3.9,-0.2,,,,,,1.6,,2.6,1.4,9.0,,,1.4,0.8,2.5
Nick Goings,CAR,RB,22.6,11,2.1,0.8,,,0.0,,,10.5,,0.9,0.2,2.0,,2.7,0.0,0.8,2.1,2.6
Reuben Droughns,DEN,RB,22.1,14,1.6,0.0,7.2,0.9,0.0,-0.1,-0.1,2.8,0.0,,,0.0,0.0,2.2,9.2,0.0,0.0,
Jimmy Farris,ATL,WR,22.0,11,2.0,0.0,11.8,0.4,0.4,6.8,,0.0,,0.0,,,0.0,0.0,0.0,,,2.6
Todd Peterson,SF,K,22.0,8,2.8,,,,,,,,,3.0,,3.0,1.0,0.0,6.0,5.0,2.0,2.0
Jason Dunn,KC,TE,21.5,9,2.4,,6.3,0.0,1.5,0.0,0.0,0.0,,,,6.3,7.4,,0.0,,,
Phil Dawson,CLE,K,21.4,13,1.7,0.0,1.0,1.0,2.0,3.0,2.4,2.0,0.0,,2.0,5.0,0.0,1.0,2.0,,,
Tony Stewart,CIN,TE,21.2,14,1.5,0.0,0.3,0.6,5.6,3.5,,1.7,1.5,4.0,0.0,0.0,,1.0,0.0,,2.1,0.9
Pat Johnson,WAS,WR,21.0,16,1.3,0.0,0.0,3.4,0.0,0.8,0.0,0.9,,5.5,0.0,7.6,0.6,1.3,0.9,0.0,0.0,0.0
Chris Fuamatu-Ma'afala,JAC,RB,20.6,9,2.3,,,,,3.0,1.1,,0.8,2.4,1.1,4.0,6.2,0.5,,,1.5,
Alvis Whitted,LV,WR,20.3,14,1.5,,0.0,1.4,12.0,0.0,5.0,1.1,,0.1,0.6,0.0,,-0.7,0.0,0.0,0.8,0.0
Dave Moore,BUF,TE,20.2,10,2.0,6.7,0.0,,0.7,,,,0.0,,1.3,,0.0,8.7,0.0,,0.0,2.8
David Tyree,NYG,WR,20.2,13,1.6,0.0,0.0,,,0.0,,0.0,0.0,,0.0,10.6,2.3,0.0,1.1,3.0,2.0,1.2
David Martin,GB,TE,19.9,12,1.7,0.4,0.7,7.1,0.0,,,2.7,,1.2,0.0,,0.8,0.0,0.0,0.6,6.4,
Kris Mangum,CAR,TE,19.9,14,1.4,2.8,0.0,,0.0,1.6,0.5,3.4,2.2,4.7,1.0,0.7,0.0,0.0,,3.0,,0.0
Jay Riemersma,PIT,TE,19.8,8,2.5,8.9,,2.8,4.4,,0.6,,,,0.7,0.0,,,2.4,0.0,,
James Mungro,IND,RB,19.6,5,3.9,,,,3.0,8.0,6.6,,,,,,2.0,0.0,,,,
Dan Kreider,PIT,RB,19.6,15,1.3,0.9,0.1,2.0,0.0,0.0,1.3,,1.5,0.4,0.0,,2.1,2.4,8.7,0.2,0.0,0.0
Ed McCaffrey,DEN,WR,19.5,11,1.8,,0.5,4.4,0.8,0.0,1.6,,,,,,0.0,3.9,0.5,2.6,2.3,2.9
Justin Peelle,LAC,TE,19.3,10,1.9,0.0,2.6,2.4,8.4,0.0,,0.0,,2.3,0.6,,,,,0.1,2.9,
Teyo Johnson,LV,TE,18.8,12,1.6,0.0,0.9,,,2.0,8.1,0.8,,1.1,3.0,,0.0,2.8,0.1,,0.0,0.0
Todd Yoder,TB,TE,18.8,10,1.9,,0.8,,,0.0,14.8,1.2,0.0,2.0,0.0,,,0.0,,0.0,0.0,
Justin Fargas,LV,RB,18.5,10,1.9,1.2,5.6,0.9,-0.2,0.0,3.3,-0.1,,1.2,6.2,0.4,,,,,,
Keith Heinrich,CLE,TE,18.4,4,4.6,,,,,,,,,,,4.5,,,6.2,6.1,1.6,
James Hodgins,ARI,TE,18.4,10,1.8,1.0,0.0,7.4,0.9,0.7,0.9,,0.6,0.6,,,0.0,,6.3,,,
Rob Konrad,MIA,RB,18.3,11,1.7,1.6,1.7,0.0,,4.7,0.2,,,1.6,0.8,4.3,,2.5,0.9,,,0.0
Jameel Cook,TB,RB,17.9,12,1.5,,,,,0.3,2.9,1.8,0.3,0.0,1.2,0.4,,0.8,0.0,1.9,7.9,0.4
Visanthe Shiancoe,NYG,TE,17.6,9,2.0,0.0,0.0,,,,0.3,,,,0.7,,,0.0,0.0,7.9,2.0,6.7
Aaron Walker,SF,TE,17.6,12,1.5,,,1.0,2.3,7.4,0.0,,0.0,2.2,,0.7,0.0,0.7,0.7,0.0,,2.6
Joe Burns,BUF,RB,17.5,14,1.3,0.4,2.2,2.8,5.1,-0.5,0.3,0.6,,,0.0,0.5,0.0,3.2,2.9,0.0,,0.0
Donald Lee,MIA,TE,17.0,8,2.1,0.5,,,,,,0.0,,4.8,8.7,,0.0,0.0,,0.0,,3.0
Matt Bryant,NYG,K,17.0,11,1.6,2.0,3.0,3.0,,1.0,,,,,,1.0,1.0,1.0,1.0,1.0,0.0,3.0
Frank Sanders,BAL,WR,17.0,10,1.7,,2.5,2.0,0.0,,0.7,0.8,2.1,0.0,1.0,,6.6,,,1.3,,
Dedric Ward,Multi,WR,16.6,6,2.8,,,,,,,0.0,0.0,,,,3.3,11.0,1.4,0.9,,
Jermaine Lewis,JAC,WR,16.6,2,8.3,15.0,1.6,,,,,,,,,,,,,,,
Cortez Hankton,JAC,WR,16.6,13,1.3,,4.2,0.9,1.5,0.0,,,0.3,0.8,1.6,0.8,0.0,,4.9,0.3,0.0,1.3
Lorenzo Neal,LAC,RB,16.2,14,1.2,-0.3,1.3,2.0,7.4,0.2,,2.2,0.7,0.8,0.0,0.7,1.0,0.0,,0.1,,0.1
Danny Kanell,DEN,QB,16.2,5,3.2,,,,,,,8.2,1.5,8.5,,-2.4,,,,,,0.4
Marc Boerigter,KC,WR,15.8,14,1.1,2.5,0.0,2.7,0.0,0.0,0.7,0.0,0.0,,4.5,-0.2,2.1,0.7,2.1,,,0.7
Marcellus Rivers,NYG,TE,15.5,8,1.9,,,0.0,,,4.9,3.1,,0.0,1.1,1.6,2.6,2.2,,,,
J.J. Stokes,Multi,WR,15.4,7,2.2,4.2,0.7,2.5,2.2,,,,2.0,,,,3.1,0.7,,,,
Jonathan Carter,NYJ,WR,15.3,6,2.6,,,,,,,,,0.0,0.0,12.2,2.2,0.9,0.0,,,
Neil O'Donnell,TEN,QB,15.2,1,15.2,,,,,,,,,,,,,,,,,15.2
Musa Smith,BAL,RB,15.1,5,3.0,,,,,,,0.0,,,,,0.0,7.0,0.0,,8.1,
Steve Beuerlein,DEN,QB,14.9,4,3.7,0.7,4.0,,,,11.4,-1.2,,,,,,,,,,
Larry Johnson,KC,RB,14.7,5,2.9,,,2.5,,,,,,,0.2,,,0.6,,2.8,,8.6
David Patten,NE,WR,14.4,5,2.9,4.8,0.4,2.0,,1.3,5.9,,,,,,,,,,,
Ki-Jana Carter,NO,RB,14.3,7,2.0,,,,3.6,0.8,,8.1,1.1,-0.1,,0.0,0.8,,,,,
Antonio Freeman,GB,WR,14.1,14,1.0,,3.2,0.0,,1.4,0.8,0.8,,1.9,1.5,0.0,0.0,0.0,1.1,0.8,1.3,1.3
Reggie Kelly,CIN,TE,14.1,11,1.3,0.0,2.4,2.7,6.1,0.8,,0.1,0.8,,,,,0.9,,0.2,0.0,0.1
Alan Ricard,BAL,RB,14.1,14,1.0,0.9,3.6,0.3,0.1,,0.3,0.4,1.0,0.2,0.4,,,2.6,1.6,0.2,0.9,1.6
Cameron Cleeland,LAR,TE,14.0,10,1.4,1.4,0.3,2.2,0.0,,0.4,,5.4,,,-0.5,,,0.9,1.0,,2.9
Jermaine Wiggins,CAR,TE,14.0,11,1.3,0.0,0.0,,4.2,,,0.0,,0.6,0.0,0.2,,0.8,7.6,,0.6,0.0
Shad Meier,TEN,TE,13.9,8,1.7,3.0,2.9,5.3,0.5,1.4,,,0.0,,,,,,0.8,,,0.0
Adrian Murrell,DAL,RB,13.9,3,4.6,,,,,,,,,4.2,7.6,2.1,,,,,,
Artose Pinner,DET,RB,13.9,3,4.6,,,,,,,,,,,,,,,4.7,3.1,6.1
Chris Baker,NYJ,TE,13.7,12,1.1,,,0.8,1.9,,0.6,0.0,2.2,2.4,0.8,0.5,0.8,0.6,,,3.1,0.0
Karl Williams,TB,WR,13.6,11,1.2,0.0,4.3,1.6,,0.0,,1.9,1.3,1.9,0.0,,,,0.0,,2.6,0.0
Tony Richardson,KC,RB,13.6,12,1.1,0.7,2.0,0.0,2.2,0.8,0.9,1.2,2.2,,1.7,,0.0,0.8,,,1.1,
Jamal Robertson,SF,RB,13.6,7,1.9,0.9,,,,,,,,0.0,,,,0.9,4.6,3.3,3.9,0.0
Darnell Sanders,CLE,TE,13.5,10,1.4,,,,,0.6,0.0,6.3,,,2.3,,1.6,-0.2,1.5,0.8,0.0,0.6
Derick Armstrong,HOU,WR,13.5,7,1.9,,,,,,7.3,,,0.0,,0.8,1.0,,1.3,,3.1,0.0
Steve Heiden,CLE,TE,13.4,9,1.5,2.2,0.5,2.5,0.3,3.0,0.0,1.5,3.4,,0.0,,,,,,,
Brad Hoover,CAR,RB,13.3,14,1.0,0.5,0.2,,,0.7,0.9,0.5,0.4,1.0,0.0,0.3,6.5,,0.3,0.4,1.6,0.0
Josh Norman,LAC,TE,13.2,5,2.6,12.4,,,,,,0.4,0.0,,,,0.0,,0.4,,,
Steve Bush,ARI,TE,13.1,8,1.6,,1.9,,,,,,,0.7,0.7,1.2,,2.4,0.0,0.0,,6.2
Bobby Wade,CHI,TE,13.1,10,1.3,-2.0,,,,,,1.1,3.9,4.2,,,0.4,1.8,0.0,0.6,2.1,1.0
Kurt Kittner,ATL,QB,12.9,6,2.2,,,-0.7,,,-1.2,6.8,,1.8,7.1,-0.9,,,,,,
Quentin McCord,ATL,WR,12.3,8,1.5,1.6,0.0,0.0,1.0,4.2,3.3,0.0,,,,2.2,,,,,,
Alex Bannister,SEA,WR,12.1,13,0.9,,0.0,0.0,,0.0,0.0,0.0,,0.0,0.0,0.0,0.0,0.8,0.0,0.0,,11.3
Reche Caldwell,LAC,WR,11.9,9,1.3,4.3,0.0,,,,,,,0.0,1.7,1.4,0.3,0.0,0.5,3.7,,
Erik Bickerstaff,DAL,RB,11.6,4,2.9,,,,,,,,,,,,,,4.1,6.2,0.8,0.5
Jim Finn,NYG,RB,11.5,11,1.1,0.0,,3.9,,1.4,1.6,1.0,,,0.0,0.0,0.0,0.9,,,2.5,0.2
Jerame Tuman,PIT,TE,11.3,11,1.0,0.3,,2.8,0.0,0.5,,,2.1,2.2,,1.0,0.6,0.6,0.0,,,1.2
Kurt Warner,LAR,QB,10.6,2,5.3,9.7,,,,,,,,,,,,,,,,0.9
Damien Anderson,ARI,RB,10.4,13,0.8,0.0,0.3,,,-0.3,0.4,,2.7,0.9,0.3,1.0,1.2,1.9,0.4,0.0,1.6,
Rickey Dudley,TB,TE,10.2,5,2.0,,,,,,,,,,,,0.5,,0.6,1.4,6.3,1.4
Aaron Moorehead,IND,WR,10.1,3,3.4,,,,,,,,,,,3.0,7.1,0.0,,,,
Brian Mitchell,NYG,RB,9.8,16,0.6,7.8,1.1,1.0,,0.0,0.0,0.0,0.0,0.0,0.0,0.0,0.0,0.0,0.0,-2.0,0.0,1.9
Taylor Jacobs,WAS,QB,9.7,6,1.6,,,,,0.4,,,,7.9,0.0,0.0,0.0,1.4,,,,
Dondre Gilliam,LAC,WR,9.5,3,3.2,,,,6.7,,,,,,,,,,,,2.8,0.0
Greg Lewis,PHI,WR,9.5,8,1.2,,,,,,,0.0,0.0,1.8,,1.4,0.8,0.7,,,2.3,2.5
Rabih Abdullah,CHI,RB,9.2,15,0.6,0.0,1.2,,1.0,0.8,,0.4,0.6,0.3,1.0,0.1,0.0,0.0,0.8,0.3,0.0,2.7
Marques Tuiasosopo,LV,QB,9.2,4,2.3,0.0,,-0.5,,,,9.0,,0.7,,,,,,,,
Shaun King,TB,QB,9.2,3,3.1,,,0.0,,,,2.8,,,,,,,,,,6.4
Owen Pochman,SF,K,9.0,6,1.5,,,0.0,1.0,3.0,1.0,3.0,1.0,,,,,,,,,
Brett Conway,Multi,K,9.0,8,1.1,,,,,,0.0,1.0,2.0,2.0,1.0,,,,,2.0,0.0,1.0
Kevin Swayne,NYJ,WR,8.9,9,1.0,0.0,0.0,0.0,0.0,,,0.0,,,0.0,,,8.7,0.2,,,0.0
Andre King,CLE,WR,8.8,12,0.7,0.0,0.0,0.6,,0.6,,,,,0.0,2.8,1.2,2.8,0.8,0.0,0.0,0.0
Tony Hollings,HOU,RB,8.7,12,0.7,0.0,,2.1,,,3.8,0.1,,0.6,0.4,0.0,-0.1,0.4,0.5,0.9,0.0,
Sam Gash,BUF,RB,8.6,9,1.0,,0.3,0.3,0.2,3.2,,1.6,0.4,,,,,,1.1,0.9,,0.6
Jabari Holloway,HOU,TE,8.4,9,0.9,0.3,0.0,0.4,2.3,,4.0,,0.0,0.0,,0.9,0.5,,,,,
John Avery,MIN,RB,8.4,6,1.4,7.1,1.3,0.0,0.0,0.0,,0.0,,,,,,,,,,
Neil Rackers,ARI,K,8.0,7,1.1,,,,,,,,,,,0.0,3.0,0.0,2.0,2.0,1.0,0.0
Dustin Lyman,CHI,TE,8.0,6,1.3,0.0,,,0.6,0.5,,1.9,4.2,,0.8,,,,,,,
Verron Haynes,PIT,RB,8.0,10,0.8,0.7,0.1,,-0.2,0.0,2.3,,,,2.7,0.9,-0.2,0.0,1.7,,,
Kevin Lockett,NYJ,WR,7.6,3,2.5,,,,,,,,,,,,,,,0.9,3.4,3.3
Bryan Johnson,WAS,RB,7.6,13,0.6,0.4,1.3,0.3,0.4,0.0,,0.4,,1.2,0.3,,0.0,1.4,1.9,0.0,0.0,
Will Heller,TB,TE,7.5,5,1.5,,0.0,0.0,,,6.4,1.1,,0.0,,,,,,,,
Adrian Peterson,CHI,RB,7.5,4,1.9,1.2,0.0,,0.3,,,6.0,,,,,,,,,,
David Garrard,JAC,QB,7.4,1,7.4,,,,,,,,7.4,,,,,,,,,
Todd Bouman,NO,QB,7.4,3,2.5,,,,8.5,,,-2.0,,,,,,,,0.9,,
Mark Bruener,PIT,TE,7.2,5,1.4,,,,,,,,0.0,,,,6.1,0.0,1.1,0.0,,
Jerramy Stevens,SEA,TE,7.2,11,0.7,,0.0,,,0.2,0.0,0.0,0.0,1.7,0.0,,,2.0,0.0,0.7,2.6,
Jesse Chatman,LAC,RB,7.1,14,0.5,0.0,3.8,0.1,1.0,0.0,,0.0,,1.6,0.0,0.0,0.6,,0.0,0.0,0.0,0.0
Jeff Chandler,SF,K,7.0,2,3.5,4.0,3.0,,,,,,,,,,,,,,,
Eddie Berlin,TEN,WR,7.0,8,0.9,0.0,,0.0,,0.0,,11.0,0.0,,0.0,,,0.0,-4.0,,,
Zeron Flemister,WAS,TE,6.9,10,0.7,0.6,,,0.0,,,0.0,,0.0,0.8,0.5,0.0,1.4,,0.7,2.9,
Clarence Coleman,BUF,WR,6.9,4,1.7,,,,,,2.7,2.2,0.0,,,,,,,,,2.0
O.J. Santiago,LV,TE,6.9,9,0.8,0.0,,0.0,0.0,,,,,,,5.3,,0.0,0.4,0.7,0.0,0.5
Shaun McDonald,LAR,WR,6.9,5,1.4,5.3,,,,,,-0.5,0.0,,,,,,,,1.1,1.0
Reggie Barlow,TB,WR,6.7,9,0.7,,,,,7.4,,,,0.0,0.0,0.0,-0.7,0.0,0.0,0.0,0.0,
Brian Kozlowski,ATL,TE,6.7,15,0.5,1.4,0.8,-0.6,0.8,1.0,,0.0,,0.0,0.0,0.0,1.9,0.0,0.0,0.0,0.8,0.6
Jimmy Redmond,JAC,WR,6.7,10,0.7,,2.9,1.6,2.2,0.0,,,,,0.0,0.0,,0.0,0.0,0.0,,0.0
Lamar Smith,NO,RB,6.3,4,1.6,,,,,,,,,,,,,,1.7,4.2,0.2,0.2
R.J. Bowers,CLE,RB,6.2,1,6.2,,,,,,,,,,6.2,,,,,,,
Bill Gramatica,ARI,K,6.0,4,1.5,3.0,0.0,2.0,1.0,,,,,,,,,,,,,
Dave Ragone,HOU,QB,6.0,2,3.0,,,,,,,,,,,,,,3.4,2.6,,
Sage Rosenfels,MIA,QB,5.9,2,3.0,,,,,,,,,,6.0,,,-0.1,,,,
Heath Evans,SEA,RB,5.8,7,0.8,,2.2,,,,0.6,0.0,,,,0.2,2.0,0.8,,,,0.0
Avon Cobourne,DET,RB,5.7,7,0.8,1.1,0.2,2.1,1.9,0.0,,,,0.0,0.4,,,,,,,
Walter Rasby,NO,TE,5.5,8,0.7,,,,,,0.0,0.5,0.6,,,0.0,0.0,,3.1,,0.7,0.6
Ryan Neufeld,BUF,TE,5.5,8,0.7,,0.0,,,0.0,0.0,2.5,0.7,,,0.0,,2.3,,0.0,,
David Kircus,DET,WR,5.3,5,1.1,,,,,,,,,,,,0.0,0.0,1.6,,1.8,1.9
Jason McAddley,ARI,WR,5.3,2,2.7,,2.8,2.5,,,,,,,,,,,,,,
Obafemi Ayanbadejo,MIA,RB,5.1,11,0.5,0.0,0.0,,,0.0,4.2,0.6,,0.0,,,0.0,0.0,0.0,0.0,0.3,
Tim Duncan,ARI,K,5.0,5,1.0,,,,,1.0,1.0,,1.0,2.0,0.0,,,,,,,
Paul Smith,DET,RB,5.0,3,1.7,,,,,,,,,,,,0.0,,,,0.0,5.0
Ahmad Merritt,CHI,WR,5.0,11,0.5,0.0,0.0,,0.0,,2.2,,,0.3,0.0,0.0,0.0,0.0,,,2.5,0.0
Travis Brown,BUF,QB,4.9,2,2.5,,,,,,,,,,,,,,,,2.1,2.8
Shawn Jefferson,DET,WR,4.9,7,0.7,0.0,1.8,0.6,,,,0.0,1.3,0.5,0.7,,,,,,,
Robert Royal,WAS,TE,4.8,4,1.2,2.4,0.7,0.0,,1.7,,,,,,,,,,,,
Patrick Pass,NE,RB,4.8,10,0.5,,,,0.0,0.0,0.0,,0.0,0.0,,0.7,2.3,1.5,0.0,0.3,,
Oronde Gadsden,MIA,WR,4.8,4,1.2,,,,,,,,,,,,0.7,,3.4,0.7,,0.0
Zuriel Smith,DAL,WR,4.6,9,0.5,,0.0,,0.0,0.0,0.0,0.0,,,,3.8,,,0.8,0.0,0.0,
Chris Cole,DEN,WR,4.4,11,0.4,0.0,0.0,0.0,1.2,0.0,0.0,0.8,,1.8,,0.6,0.0,0.0,,,,
Doug Chapman,MIN,RB,4.1,4,1.0,1.7,,,0.2,2.2,,,0.0,,,,,,,,,
Rod Smart,CAR,RB,4.0,16,0.3,0.0,0.5,,0.0,0.0,1.7,0.3,0.0,0.0,0.1,0.0,-2.0,0.7,0.0,0.0,2.7,0.0
Moran Norris,HOU,RB,4.0,10,0.4,0.0,,,1.6,,0.0,0.0,0.0,0.5,0.8,,,,0.0,,1.1,0.0
Rob Johnson,Multi,QB,3.9,3,1.3,,,,,,1.4,0.8,,,,,,,,,1.7,
James Fenderson,NO,RB,3.9,5,0.8,0.0,0.8,,3.1,,,0.0,,,,,,0.0,,,,
Edell Shepherd,TB,WR,3.8,1,3.8,,,,,,,,,,,,,,,,,3.8
J.R. Redmond,LV,RB,3.6,1,3.6,,,,,,,,,,,,,,,,,3.6
Kendall Newson,MIA,WR,3.5,3,1.2,,,,,,,,,,5.5,0.0,-2.0,,,,,
Mike Seidman,CAR,TE,3.5,8,0.4,,,,0.0,2.4,0.0,,0.0,,0.6,0.4,0.0,0.1,,,,
Willie Ponder,NYG,WR,3.5,4,0.9,,,,,,,,,,,0.3,,,,1.0,0.4,1.8
Sam Aiken,BUF,WR,3.5,5,0.7,,,,,,1.8,0.0,0.0,,-0.2,1.9,,,,,,
Jeb Putzier,DEN,TE,3.4,2,1.7,,,,,,,,0.0,,,,,,,,,3.4
Cecil Sapp,DEN,RB,3.1,1,3.1,,,,,,,,,,,,,,,,,3.1
Jonathan Wells,HOU,RB,3.1,8,0.4,,,2.6,,,,,0.0,,0.5,,0.0,0.0,0.0,0.0,0.0,
Charles Stackhouse,MIN,RB,3.0,8,0.4,,,,,0.0,,1.6,0.5,0.3,,,0.6,0.0,,0.0,0.0,
Patrick Hape,DEN,TE,3.0,4,0.8,,,,,,,,,,,,0.9,,,2.1,0.0,0.0
John Simon,WAS,RB,3.0,4,0.8,,,,,,,,,,0.9,,1.6,,,,0.0,0.5
Chris Luzar,JAC,TE,3.0,4,0.8,0.8,0.0,0.1,,,,,,,,,,,,2.1,,
Talman Gardner,NO,WR,2.9,5,0.6,,,,,,,,1.1,,,,1.8,0.0,,0.0,,0.0
Byron Chamberlain,WAS,TE,2.9,3,1.0,,,,,,2.3,0.0,,,,,,,,,,0.6
Frisman Jackson,CLE,WR,2.9,4,0.7,,,,,,,,,,,,,0.0,,1.0,0.0,1.9
Terrelle Smith,NO,RB,2.8,9,0.3,,,,0.0,0.1,0.0,,0.2,0.0,,0.6,0.0,1.6,0.3,,,
Karl Hankton,CAR,WR,2.7,11,0.3,0.0,0.0,,,0.0,0.0,0.0,,,1.2,0.0,0.0,,1.5,0.0,,0.0
Leon Johnson,LAC,RB,2.6,11,0.2,,,,0.0,0.0,,,,0.0,0.0,0.0,0.0,0.0,0.8,0.0,0.0,1.8
Delvin Joyce,NYG,RB,2.6,14,0.2,0.0,,0.0,,1.1,0.0,0.9,0.0,,0.5,0.0,0.0,0.0,0.0,0.1,0.0,0.0
Chris Hetherington,LV,RB,2.3,11,0.2,,,,0.0,0.0,,0.0,,0.0,0.0,1.7,0.0,,0.0,0.0,0.6,0.0
Joe Dean Davenport,IND,TE,2.3,5,0.5,0.7,,,,,,,,0.7,,0.9,0.0,,,0.0,,
Sultan McCullough,WAS,RB,2.2,1,2.2,,,,,,,,,2.2,,,,,,,,
Todd Collins,KC,QB,2.2,5,0.4,,,-0.4,,,,,0.1,,-0.1,,,,,1.2,,1.4
Billy Baber,KC,TE,2.0,2,1.0,,0.0,,,,,,,,,,,,,,,2.0
Stephen Alexander,LAC,TE,2.0,2,1.0,,0.0,,,,,,,,,2.0,,,,,,
Omar Easy,KC,RB,1.9,7,0.3,0.6,,0.5,,,,,,,,0.8,0.0,,,0.0,0.0,0.0
Kevin Kasper,ARI,WR,1.9,4,0.5,2.3,,,,,-0.4,,,0.0,0.0,,,,,,,
George Layne,ATL,RB,1.8,3,0.6,,,,,,,,,,,,,0.0,0.0,1.8,,
Kevin Walter,CIN,WR,1.8,7,0.3,,,,,,,0.0,0.0,0.0,,,0.9,0.5,,,0.4,0.0
Kevin Ware,WAS,TE,1.7,6,0.3,,0.0,,,,,,,0.0,0.0,0.6,,0.0,,,,1.1
Lee Mays,PIT,WR,1.7,8,0.2,,,,0.9,,0.0,,,0.0,0.0,,0.0,,,0.8,0.0,0.0
Brock Huard,IND,QB,1.7,2,0.9,,,,0.4,,,,,,,,,,,1.3,,
Doug Gabriel,LV,WR,1.7,11,0.2,,0.0,1.7,0.0,,0.0,,,,,0.0,0.0,0.0,0.0,0.0,0.0,0.0
Antonio Brown,BUF,WR,1.7,16,0.1,0.0,0.0,0.0,0.0,0.0,0.0,1.7,0.0,,0.0,0.0,0.0,0.0,0.0,0.0,0.0,0.0
Jamar Martin,DAL,RB,1.6,5,0.3,,,,,0.3,,0.0,,0.9,,,,,,0.0,,0.4
Tee Martin,LV,QB,1.6,2,0.8,,,,,,,,,,,,,,,,0.8,0.8
Keenan Howry,MIN,WR,1.5,16,0.1,0.0,0.0,0.0,0.0,0.0,,0.0,1.5,0.0,0.0,0.0,0.0,0.0,0.0,0.0,0.0,0.0
Fred McCrary,NE,RB,1.5,5,0.3,0.0,0.3,,,,0.0,0.3,,0.9,,,,,,,,
Kevin Dyson,CAR,WR,1.5,1,1.5,,,,,,,,,,,,,,,,1.5,
Nick Luchey,GB,RB,1.5,4,0.4,0.0,,,,,,,,,,,,,0.0,,1.2,0.3
Arnaz Battle,SF,WR,1.4,5,0.3,,0.0,0.0,,0.9,0.5,,,,,0.0,,,,,,
Koy Detmer,PHI,QB,1.3,3,0.4,0.0,1.0,,,,,,,,,,,,,,,0.3
Kevin Curtis,LAR,WR,1.3,1,1.3,,,,,,,,,1.3,,,,,,,,
Fred McAfee,NO,RB,1.3,9,0.1,0.0,,0.0,0.0,,,1.3,0.0,0.0,,0.0,,0.0,,,0.0,
Ron Johnson,BAL,WR,1.2,3,0.4,1.2,,0.0,,,,,,,,0.0,,,,,,
Rohan Davey,NE,QB,1.2,1,1.2,1.2,,,,,,,,,,,,,,,,
Trent Dilfer,SEA,QB,1.1,5,0.2,,0.7,,,,,,,,,0.0,0.0,0.0,,,0.4,
Cliff Russell,WAS,WR,1.0,3,0.3,,,,,,,,,,,,,,,0.0,0.0,1.0
Terrence Edwards,ATL,QB,1.0,4,0.3,,,,,,,,,,,,0.0,1.0,0.0,0.0,,
Charlie Batch,PIT,QB,1.0,2,0.5,,,,,2.1,,,,,,,,-1.1,,,,
Josh Scobey,ARI,RB,0.9,15,0.1,,0.0,0.0,0.0,0.0,0.0,,0.0,0.0,0.0,0.0,0.0,0.9,0.0,0.0,0.0,0.0
B.J. Askew,NYJ,RB,0.9,6,0.2,0.0,,,,,0.9,,,,,,0.0,0.0,0.0,,0.0,
Aaron Shea,CLE,TE,0.9,4,0.2,0.7,0.0,0.2,0.0,,,,,,,,,,,,,
Rodney Peete,CAR,QB,0.8,1,0.8,0.8,,,,,,,,,,,,,,,,
Larry Foster,ARI,WR,0.7,1,0.7,0.7,,,,,,,,,,,,,,,,
Derrick Lewis,NO,WR,0.7,1,0.7,,,,,,,,,,,,,0.7,,,,
Mike McMahon,DET,QB,0.6,3,0.2,,,0.0,,,,-0.2,,,,,,,,,0.8,
Darian Barnes,TB,RB,0.6,7,0.1,0.6,,0.0,,,,,0.0,,0.0,0.0,,0.0,0.0,,,
Reno Mahe,PHI,RB,0.5,2,0.3,,,,,,,,,0.0,0.5,,,,,,,
Jarious Jackson,DEN,QB,0.5,1,0.5,,,,,,,,,,,,,,,,,0.5
Ken Simonton,BUF,RB,0.4,1,0.4,,,,0.4,,,,,,,,,,,,,
Gibran Hamdan,WAS,QB,0.3,1,0.3,,,,,,,,,,,,,,,,,0.3
Billy McMullen,PHI,WR,0.2,3,0.1,,,,0.0,0.2,0.0,,,,,,,,,,,
Doug Pederson,GB,QB,0.2,3,0.1,,,,0.4,,,,,,,,,,,-0.2,,0.0
Stephen Trejo,DET,TE,0.2,7,0.0,,0.0,0.0,,,,0.0,,,,0.0,,0.0,0.0,,0.2,
Eddie Drummond,DET,WR,0.1,6,0.0,0.0,0.0,0.1,,,,,,,,,,0.0,0.0,,,0.0
Kori Dickerson,PHI,TE,0.0,1,0.0,,,,,,,,,,,,,,,,,0.0
Bradford Banta,DET,TE,0.0,2,0.0,,,,,,,,,,0.0,,,,0.0,,,
Joey Goodspeed,LAR,RB,0.0,4,0.0,,,,,,,,,,,0.0,,0.0,0.0,0.0,,
Nate Jackson,DEN,TE,0.0,1,0.0,,,,,,,,,,,,,,,,,0.0
Malaefou MacKenzie,JAC,RB,0.0,1,0.0,0.0,,,,,,,,,,,,,,,,
James Jordan,SF,WR,0.0,1,0.0,,,,,,,,,,,,,,,,,0.0
Brian Allen,IND,RB,0.0,1,0.0,0.0,,,,,,,,,,,,,,,,
Albert Johnson,NYJ,WR,0.0,1,0.0,0.0,,,,,,,,,,,,,,,,
Fred Baxter,NE,TE,0.0,4,0.0,0.0,0.0,0.0,,,,0.0,,,,,,,,,,
Ronney Jenkins,LV,RB,0.0,7,0.0,0.0,0.0,0.0,,0.0,0.0,0.0,,0.0,,,,,,,,
Matt Murphy,HOU,TE,0.0,1,0.0,,,,,,,,,,,,,,,,,0.0
Ray Jackson,TEN,RB,0.0,1,0.0,,,,,,,,,,,,,,,,,0.0
Zach Hilton,NO,TE,0.0,1,0.0,,,,,,,,,,,,,0.0,,,,
Terrence Wilkins,IND,WR,0.0,3,0.0,,,,,,,,,,,0.0,0.0,0.0,,,,
Dee Brown,PIT,RB,0.0,1,0.0,,,,,,,,,,,,,,,,,0.0
Micah Ross,Multi,WR,0.0,3,0.0,,,,,,,,,,,,,,0.0,,0.0,0.0
Terry Jackson,SF,RB,0.0,10,0.0,0.0,0.0,,0.0,,,,,0.0,,0.0,0.0,0.0,,0.0,0.0,0.0
Jason McKie,CHI,RB,0.0,2,0.0,,,,,,,,,,,,0.0,0.0,,,,
James Williams,DET,WR,0.0,1,0.0,,,,,,,,,,,,,,,0.0,,
Nick Davis,MIN,WR,0.0,1,0.0,,,,,,,,,,,,,0.0,,,,
Randal Williams,DAL,TE,0.0,9,0.0,0.0,,,,0.0,0.0,0.0,,,,0.0,0.0,0.0,0.0,,0.0,
Larry Ned,MIN,RB,0.0,2,0.0,,,,,,,,,,,,,,,,0.0,0.0
Nick Maddox,CLE,RB,0.0,1,0.0,,,,,,,,,,,,,,,,,0.0
Sean Berton,MIN,TE,0.0,3,0.0,,,0.0,,,,,,,0.0,,,,0.0,,,
Mike Banks,ARI,TE,0.0,2,0.0,,,,,,,,,0.0,0.0,,,,,,,
Detron Smith,IND,RB,0.0,6,0.0,,,,,0.0,,,0.0,0.0,0.0,0.0,,0.0,,,,
Richard Angulo,LAR,TE,0.0,2,0.0,,,,,,0.0,,0.0,,,,,,,,,
LaTarence Dunbar,ATL,WR,0.0,2,0.0,,,,,0.0,,,,,0.0,,,,,,,
Joe Nedney,TEN,K,0.0,1,0.0,0.0,,,,,,,,,,,,,,,,
Darrell Hill,TEN,WR,0.0,5,0.0,,,,,0.0,,0.0,0.0,,,,0.0,,,0.0,,
Michael Bates,Multi,RB,0.0,9,0.0,,0.0,0.0,0.0,,0.0,0.0,0.0,0.0,0.0,,,,,,,0.0
Andrew Pinnock,LAC,RB,0.0,4,0.0,,0.0,,0.0,,,0.0,0.0,,,,,,,,,
John Owens,DET,TE,0.0,1,0.0,,,,,0.0,,,,,,,,,,,,
Brad St. Louis,CIN,TE,0.0,5,0.0,,0.0,0.0,0.0,,,,,,,,0.0,,,,,0.0
Kenny Watson,CIN,RB,0.0,6,0.0,,,,,0.0,,0.0,,0.0,0.0,,,0.0,,,0.0,
James Whalen,DAL,TE,0.0,4,0.0,,0.0,,0.0,,,0.0,,,,0.0,,,,,,
Tony McGee,Multi,TE,0.0,1,0.0,,,,,,0.0,,,,,,,,,,,
Rashod Kent,HOU,TE,0.0,1,0.0,,0.0,,,,,,,,,,,,,,,
Mike Bartrum,PHI,TE,0.0,4,0.0,,,,0.0,,,,0.0,,,,,,,0.0,0.0,
John Jones,BAL,TE,0.0,7,0.0,,,,0.0,,,0.0,0.0,0.0,0.0,,,,,0.0,0.0,
Chris Jackson,GB,WR,0.0,1,0.0,,0.0,,,,,,,,,,,,,,,
Walter Young,CAR,WR,0.0,3,0.0,,0.0,,,,,,0.0,0.0,,,,,,,,
Lawrence Hamilton,CIN,WR,0.0,2,0.0,,0.0,,0.0,,,,,,,,,,,,,
Ovie Mughelli,BAL,RB,0.0,3,0.0,,,0.0,,,,,,,,,,0.0,,,,0.0
Kenny Clark,MIN,WR,0.0,1,0.0,,,0.0,,,,,,,,,,,,,,
Grant Mattos,LAC,WR,0.0,2,0.0,,,0.0,,,,,,,,,,,,0.0,,
John Gilmore,CHI,TE,0.0,7,0.0,,,,,,,,,0.0,0.0,0.0,0.0,0.0,0.0,,0.0,
Ryan Hannam,SEA,TE,0.0,1,0.0,,,,,,0.0,,,,,,,,,,,
Greg Comella,HOU,RB,0.0,1,0.0,,0.0,,,,,,,,,,,,,,,
Sam Simmons,MIA,WR,0.0,7,0.0,0.0,,,,0.0,,,0.0,0.0,0.0,0.0,0.0,,,,,
Terrell Buckley,MIA,QB,0.0,16,0.0,0.0,0.0,0.0,,0.0,0.0,0.0,0.0,0.0,0.0,0.0,0.0,0.0,0.0,0.0,0.0,0.0
Karsten Bailey,GB,WR,0.0,1,0.0,0.0,,,,,,,,,,,,,,,,
Wade Richey,BAL,K,0.0,15,0.0,0.0,0.0,0.0,0.0,,,0.0,0.0,0.0,0.0,0.0,0.0,0.0,0.0,0.0,0.0,0.0
Jason Baker,KC,K,0.0,16,0.0,0.0,0.0,0.0,0.0,0.0,0.0,0.0,0.0,,0.0,0.0,0.0,0.0,0.0,0.0,0.0,0.0
Mike Leach,DEN,TE,0.0,3,0.0,,,0.0,0.0,,,,,,,,,,,,,0.0
Brian Jennings,SF,TE,0.0,3,0.0,,,,,,,,0.0,,,,0.0,,,0.0,,
J.J. Moses,HOU,WR,0.0,15,0.0,0.0,0.0,0.0,0.0,,0.0,0.0,0.0,0.0,0.0,,0.0,0.0,0.0,0.0,0.0,0.0
Antonio Chatman,GB,WR,0.0,16,0.0,0.0,0.0,0.0,0.0,0.0,0.0,0.0,,0.0,0.0,0.0,0.0,0.0,0.0,0.0,0.0,0.0
Adrian Madise,DEN,WR,0.0,4,0.0,,,,,,,0.5,,,,1.0,,,,,0.0,-1.5
Arland Bruce,SF,WR,0.0,2,0.0,0.0,0.0,,,,,,,,,,,,,,,
Jake Schifino,TEN,WR,0.0,11,0.0,0.0,0.0,0.0,0.0,0.0,0.0,0.0,,,0.0,0.0,0.0,0.0,,,,
Joffrey Reynolds,LAR,RB,0.0,2,0.0,,,,,,,0.0,0.0,,,,,,,,,
Dwone Hicks,TEN,RB,0.0,1,0.0,,,,,,,0.0,,,,,,,,,,
Phillip Crosby,BUF,RB,0.0,1,0.0,,0.0,,,,,,,,,,,,,,,
Chad Hutchinson,DAL,QB,0.0,1,0.0,,,,,,,0.0,,,,,,,,,,
Jose Cortez,MIN,K,0.0,2,0.0,,,,,,,0.0,0.0,,,,,,,,,
Harold Morrow,BAL,RB,0.0,5,0.0,,0.0,,,,0.0,,,,0.0,,,,0.0,,0.0,
Chris Massey,LAR,RB,-0.1,2,-0.1,,,,-0.1,,,,,0.0,,,,,,,,
Damon Huard,NE,QB,-0.1,1,-0.1,,,,,,,,,,,,,,,,,-0.1
Kerry Carter,SEA,RB,-0.2,8,-0.0,0.0,,0.0,,,,,0.0,,,-0.2,0.0,,0.0,,0.0,0.0
Craig Nall,GB,QB,-0.2,1,-0.2,,,,,,,,,,,,,,,,-0.2,
Brad Pyatt,IND,WR,-1.8,8,-0.2,0.0,0.0,0.0,0.0,0.0,0.0,,-1.8,0.0,,,,,,,,
LaShaun Ward,KC,WR,-2.0,1,-2.0,,,,,,,,,,,,,,,,-2.0,
Sean Morey,PHI,WR,-2.0,8,-0.3,0.0,,,,0.0,,,,0.0,,-2.0,0.0,0.0,0.0,,0.0,
Travis Jervey,ATL,RB,-2.0,9,-0.2,,0.0,,,,0.0,0.0,,0.0,0.0,0.0,-2.0,,0.0,0.0,,
Alex Van Pelt,BUF,QB,-4.6,5,-0.9,,0.3,,,,-2.0,-0.1,-3.5,,,,,0.7,,,,
Chris Redman,BAL,QB,-5.3,2,-2.7,,-2.0,,,,,,,,-3.3,,,,,,,
